0,41,16,46,9,23,44,19,12,41,8,35,32,12,22,48,32,27,21,38,40,4,39,5,43,44,40,39,43,34,4,6,25,5,47,7,32,20,32,3,17,47,13,5,27,16,40,47,9,46,16,42,46,9,18,23,10,42,47,27,20,33,44,33,27,9,13,11,41,35,10,38,7,23,7,20,19,2,5,41,18,7,38,34,19,21,27,24,23,44,38,11,9,27,36,28,33,17,22,44,30,17,41,7,11,38,18,16,31,14,27,40,44,48,21,23
41,0,37,28,1,41,29,37,12,47,10,8,19,2,16,28,47,33,40,41,45,47,10,44,15,31,47,32,33,17,22,44,35,22,43,20,29,34,9,44,23,25,48,12,2,44,6,8,17,42,29,16,18,38,32,35,17,43,49,37,23,20,32,18,46,9,38,10,22,37,40,41,40,20,27,37,41,39,20,9,15,28,4,16,3,23,6,6,19,38,30,13,29,7,45,6,17,6,27,20,40,38,26,37,16,22,19,23,30,15,1,6,24,34,39,8
16,37,0,33,19,30,16,46,29,21,27,17,7,39,25,7,44,22,22,42,37,42,41,20,5,35,13,16,48,40,22,2,46,29,24,37,18,19,29,28,43,39,11,27,46,34,3,39,33,22,13,20,19,9,12,42,24,28,17,5,48,13,35,24,42,20,34,32,18,26,10,1,9,49,11,9,38,36,41,47,36,15,16,45,7,34,35,32,30,35,34,36,14,13,48,20,46,45,3,32,36,27,11,28,43,44,36,43,4,30,1,45,6,11,12,31
46,28,33,0,43,18,19,2,23,35,15,47,45,36,47,48,23,30,20,42,1,31,37,35,12,22,22,28,20,10,18,41,16,48,11,5,39,14,31,19,7,24,22,27,17,18,38,7,30,48,35,23,44,1,23,27,1,5,24,48,29,17,48,10,47,43,17,49,8,41,1,25,12,48,17,39,47,24,25,26,3,8,38,10,11,20,13,32,5,1,32,39,27,11,15,41,15,6,17,28,6,33,10,9,15,13,28,42,30,48,10,41,13,34,18,3
9,1,19,43,0,47,35,23,31,42,12,25,16,20,28,26,37,46,9,37,33,33,28,5,13,24,6,26,31,27,42,23,33,28,39,25,27,29,32,33,40,44,46,6,8,32,7,10,20,17,21,10,49,28,17,44,11,32,13,47,10,21,40,23,6,10,22,29,42,48,47,43,19,33,10,41,3,2,39,18,26,36,26,35,3,43,9,3,19,23,39,6,33,22,16,11,4,11,42,49,24,23,45,32,43,38,8,33,16,18,42,12,34,28,7,49
23,41,30,18,47,0,18,32,7,6,13,6,31,25,10,43,46,34,34,38,46,26,42,6,44,13,30,1,4,6,8,39,34,3,1,30,14,15,13,34,49,9,31,2,42,41,23,7,37,14,46,3,3,4,31,11,24,20,17,15,35,29,18,6,19,3,33,12,6,34,9,9,17,30,29,37,23,22,36,7,15,42,12,17,45,13,25,37,49,29,27,13,41,32,25,25,7,22,41,16,21,34,34,13,19,8,42,23,41,27,10,39,48,40,40,4
44,29,16,19,35,18,0,12,30,44,30,28,47,11,25,43,44,37,49,26,27,44,21,33,5,19,27,43,34,45,1,48,17,41,34,13,43,4,17,3,9,26,33,19,42,40,41,3,29,35,25,48,36,1,48,27,2,47,8,25,47,17,40,27,28,12,35,36,14,29,19,20,20,11,22,8,13,27,47,13,24,26,7,36,5,28,9,4,7,48,22,48,2,14,41,35,30,11,29,7,12,23,29,11,31,13,35,17,26,38,17,22,44,45,44,16
19,37,46,2,23,32,12,0,36,3,22,23,16,19,44,33,11,27,23,27,23,24,36,9,19,43,9,45,49,29,29,28,15,44,20,9,47,25,3,32,30,46,47,29,27,13,9,11,10,48,30,6,22,13,43,45,49,46,14,20,11,38,11,42,20,40,14,8,1,45,33,43,14,25,17,24,33,46,2,7,6,40,6,3,10,36,18,29,20,31,34,15,4,20,45,12,14,6,21,12,3,49,11,35,13,47,6,31,11,6,25,35,12,1,49,12
12,12,29,23,31,7,30,36,0,28,48,18,11,37,28,7,9,7,20,40,20,26,17,35,32,1,18,2,42,23,34,22,40,47,34,34,26,39,28,43,3,14,10,3,8,2,48,42,41,35,28,31,19,29,19,26,15,23,42,23,40,17,2,40,7,45,26,36,47,39,38,15,35,2,7,12,27,17,43,24,18,38,17,29,31,21,27,33,30,47,42,1,28,43,19,44,28,45,24,7,28,30,2,44,33,8,36,37,23,48,49,29,44,16,16,29
41,47,21,35,42,6,44,3,28,0,42,11,17,2,39,16,8,23,31,24,14,21,43,27,47,10,5,13,9,26,40,12,7,1,12,19,6,40,20,7,38,30,25,30,19,2,24,21,41,14,46,1,36,11,38,1,36,33,43,31,43,45,13,3,19,3,33,47,22,32,34,42,40,27,9,23,47,26,5,1,19,14,11,9,23,11,22,6,32,14,38,22,45,17,43,29,1,20,36,10,29,20,32,24,42,43,42,46,29,1,12,7,27,12,15,24
8,10,27,15,12,13,30,22,48,42,0,17,32,12,28,17,9,26,40,38,32,49,39,34,24,2,30,41,16,8,2,24,37,33,12,28,11,37,4,17,37,9,9,31,30,49,2,29,49,49,46,24,34,16,12,10,10,32,22,13,37,15,27,12,48,34,13,28,29,13,2,23,24,22,22,41,18,30,5,26,37,29,40,11,45,46,38,22,24,28,45,11,3,46,35,24,8,7,29,44,38,37,17,28,5,24,41,12,10,40,15,3,20,26,9,36
35,8,17,47,25,6,28,23,18,11,17,0,26,8,4,41,8,26,2,46,33,31,16,42,21,6,19,11,39,36,5,25,4,39,31,16,29,36,17,34,14,49,5,26,44,40,28,19,30,33,9,2,18,42,7,33,39,42,14,42,2,5,10,26,28,29,5,8,10,24,27,12,48,2,29,32,16,33,31,41,3,30,24,38,22,29,33,7,22,35,14,2,45,43,4,4,44,37,44,11,49,32,48,6,34,49,42,39,22,12,34,34,8,31,44,43
32,19,7,45,16,31,47,16,11,17,32,26,0,47,6,25,9,15,4,11,33,47,21,19,26,1,12,38,44,45,12,30,37,14,29,21,21,42,34,39,48,7,48,16,7,47,20,39,36,18,22,22,21,20,28,44,14,14,9,47,19,35,2,3,4,21,1,25,42,21,22,11,39,1,6,45,10,11,34,31,47,29,19,33,22,37,37,28,36,32,14,35,22,14,1,1,40,46,1,49,2,24,27,24,34,21,12,25,13,34,49,30,28,20,44,20
12,2,39,36,20,25,11,19,37,2,12,8,47,0,25,46,26,42,4,29,31,42,48,22,36,24,5,14,13,28,34,38,7,7,40,7,12,48,17,31,47,2,34,18,1,4,1,33,42,35,37,17,19,21,40,22,48,11,1,9,47,32,49,14,46,38,41,36,23,20,35,24,22,37,7,30,36,3,17,46,47,34,45,24,48,35,44,23,18,11,16,43,21,10,3,35,10,31,4,20,28,39,13,7,39,44,22,4,2,7,29,18,25,12,39,41
22,16,25,47,28,10,25,44,28,39,28,4,6,25,0,8,3,11,48,16,3,7,36,38,18,3,11,42,46,1,30,22,47,44,15,7,34,23,23,4,26,3,40,30,46,29,47,42,47,28,30,10,4,5,20,12,40,40,32,8,34,39,34,44,43,43,19,43,5,5,15,19,26,30,39,19,12,19,35,28,31,29,31,12,45,26,47,3,6,10,14,18,7,1,37,21,2,5,6,32,25,20,41,25,2,43,41,21,6,39,1,30,34,30,8,34
48,28,7,48,26,43,43,33,7,16,17,41,25,46,8,0,24,49,23,12,40,33,41,14,44,4,17,3,47,48,34,10,17,18,28,40,5,21,19,32,49,2,32,31,19,15,46,7,36,36,41,15,44,39,14,36,4,19,35,10,3,31,32,5,12,42,39,3,48,29,24,47,32,7,17,7,24,13,17,36,37,1,28,39,49,15,28,15,14,9,1,16,20,31,27,14,29,45,19,21,30,11,15,12,41,29,38,1,11,26,14,34,30,31,34,42
32,47,44,23,37,46,44,11,9,8,9,8,9,26,3,24,0,33,36,45,13,26,49,43,42,35,6,21,36,33,8,17,33,28,31,18,3,48,29,3,14,30,26,11,20,28,17,24,45,23,1,46,38,35,16,6,7,46,23,3,40,10,23,31,21,43,43,22,5,10,26,3,42,45,3,15,27,24,38,2,5,14,44,44,41,2,37,45,36,7,8,41,43,36,33,33,33,35,39,35,24,12,13,22,19,4,23,48,32,31,24,25,40,18,22,24
27,33,22,30,46,34,37,27,7,23,26,26,15,42,11,49,33,0,16,4,39,43,21,27,2,6,6,3,38,28,17,12,39,22,3,49,3,28,45,4,34,23,36,16,36,27,38,23,37,3,20,38,40,22,21,10,45,37,22,49,3,30,27,48,20,3,30,14,23,19,6,36,21,5,5,44,26,13,48,17,6,16,34,41,23,6,27,19,35,2,35,47,27,46,28,42,1,49,17,8,14,9,35,3,12,42,11,48,39,22,18,37,16,25,28,45
21,40,22,20,9,34,49,23,20,31,40,2,4,4,48,23,36,16,0,16,41,15,40,5,15,43,6,13,2,5,48,44,30,4,17,44,20,26,1,22,39,42,34,18,25,23,14,42,17,44,18,16,15,19,13,41,44,36,21,5,17,36,42,13,9,42,2,31,42,37,11,36,42,45,42,26,32,6,35,6,36,33,22,46,36,47,41,15,47,24,29,31,12,12,6,35,35,8,39,27,44,6,48,23,47,31,27,43,4,43,42,16,45,27,18,27
38,41,42,42,37,38,26,27,40,24,38,46,11,29,16,12,45,4,16,0,40,28,29,24,26,47,31,40,26,16,31,35,41,16,46,18,7,41,33,49,26,12,29,6,45,39,45,26,34,12,20,1,20,45,19,27,38,13,1,22,34,34,29,16,46,13,38,49,26,42,25,34,28,11,14,11,7,13,8,19,42,45,36,46,41,1,29,6,19,22,5,46,21,33,31,8,39,12,18,36,29,1,32,13,45,12,35,13,12,9,14,11,23,21,5,19
40,45,37,1,33,46,27,23,20,14,32,33,33,31,3,40,13,39,41,40,0,17,20,42,6,10,48,30,16,21,27,13,42,20,24,18,3,45,18,48,23,42,7,23,8,28,44,1,13,9,8,27,29,6,9,19,6,3,30,22,13,20,20,23,32,39,19,33,30,44,22,37,40,15,31,29,48,29,19,41,48,5,23,34,33,14,18,18,23,19,48,8,40,9,20,26,7,47,26,1,11,48,12,21,15,7,12,8,18,14,36,41,46,23,48,30
4,47,42,31,33,26,44,24,26,21,49,31,47,42,7,33,26,43,15,28,17,0,18,37,35,47,26,29,9,46,29,16,39,41,35,19,3,6,29,6,46,16,24,7,26,36,16,35,20,23,20,41,49,14,49,24,5,49,47,36,13,18,38,37,26,15,3,43,25,28,12,15,49,25,41,49,40,27,48,43,17,1,40,1,14,38,29,31,35,12,37,10,22,3,40,25,12,15,37,24,11,47,32,37,47,15,49,34,12,32,3,14,26,8,6,26
39,10,41,37,28,42,21,36,17,43,39,16,21,48,36,41,49,21,40,29,20,18,0,24,16,43,13,28,22,12,11,26,14,39,38,20,17,9,21,49,39,19,35,28,21,20,22,1,39,44,23,33,6,12,8,15,8,39,37,34,26,37,41,37,42,23,6,40,33,43,40,27,29,46,12,9,39,37,15,26,37,38,22,46,37,40,32,25,40,20,21,8,29,33,46,36,49,12,1,32,24,19,17,20,14,15,26,28,21,7,46,22,45,8,31,28
5,44,20,35,5,6,33,9,35,27,34,42,19,22,38,14,43,27,5,24,42,37,24,0,27,36,34,18,34,47,11,34,48,17,29,28,23,11,7,45,24,29,11,36,47,35,5,44,27,12,41,13,26,38,18,43,17,48,47,10,45,15,11,25,47,47,37,41,31,45,14,33,39,31,7,49,25,12,47,12,27,22,4,25,16,10,30,27,24,40,47,47,10,29,35,38,30,15,26,43,9,26,22,30,37,25,27,38,2,33,40,17,37,13,49,34
43,15,5,12,13,44,5,19,32,47,24,21,26,36,18,44,42,2,15,26,6,35,16,27,0,2,49,16,4,43,14,47,14,17,14,4,2,23,42,22,6,23,5,46,45,3,30,16,25,34,2,31,30,35,38,46,2,6,24,36,44,33,39,18,24,2,8,32,7,27,41,2,15,30,11,35,40,4,28,17,25,24,19,14,29,26,48,7,24,7,30,12,37,4,29,15,47,15,3,25,13,34,26,17,37,45,21,40,47,20,7,6,48,2,45,31
44,31,35,22,24,13,19,43,1,10,2,6,1,24,3,4,35,6,43,47,10,47,43,36,2,0,1,8,14,13,19,44,45,22,40,4,49,10,41,3,21,35,34,9,8,33,10,24,4,30,10,30,7,46,3,23,18,5,44,43,28,36,5,17,23,42,32,8,33,41,12,31,41,23,44,48,47,26,11,2,42,20,32,25,41,11,43,24,26,45,38,12,3,8,46,18,1,48,31,49,42,12,11,22,38,18,39,37,19,17,29,23,31,2,13,19
40,47,13,22,6,30,27,9,18,5,30,19,12,5,11,17,6,6,6,31,48,26,13,34,49,1,0,21,36,41,2,35,48,26,43,6,41,43,19,29,2,26,45,49,20,11,32,4,41,7,12,5,7,13,3,38,45,31,39,30,45,34,35,12,36,45,5,24,30,40,14,28,6,9,45,35,20,16,29,30,38,30,39,27,4,19,40,29,46,36,11,31,6,34,47,21,7,31,4,9,15,3,3,18,29,47,46,32,17,15,6,8,11,1,1,14
39,32,16,28,26,1,43,45,2,13,41,11,38,14,42,3,21,3,13,40,30,29,28,18,16,8,21,0,11,30,30,36,27,1,11,18,31,14,1,30,37,41,26,4,11,30,1,49,8,14,19,8,10,46,32,12,32,31,24,26,48,1,32,38,7,13,27,41,27,40,47,14,15,4,27,1,35,1,11,30,11,6,4,2,41,14,49,13,34,22,4,11,15,35,36,29,2,5,46,39,2,19,23,44,36,5,3,5,14,46,47,46,45,43,9,43
43,33,48,20,31,4,34,49,42,9,16,39,44,13,46,47,36,38,2,26,16,9,22,34,4,14,36,11,0,32,1,23,32,47,4,37,3,10,34,6,37,44,35,23,39,2,37,13,6,2,38,30,44,22,45,31,18,43,27,19,33,5,7,21,10,48,47,36,48,33,9,17,34,46,34,30,20,36,21,8,28,4,48,48,31,32,31,4,23,21,4,26,8,20,34,35,18,31,48,7,28,45,23,45,10,7,34,29,34,27,43,34,17,17,18,39
34,17,40,10,27,6,45,29,23,26,8,36,45,28,1,48,33,28,5,16,21,46,12,47,43,13,41,30,32,0,3,16,8,32,13,28,38,34,8,14,18,14,21,39,20,5,2,11,19,23,1,41,3,34,28,3,7,12,31,10,18,39,35,7,37,9,2,26,48,32,20,5,2,20,7,49,16,20,46,33,21,42,11,16,27,34,40,34,27,14,21,45,37,14,48,1,37,48,8,37,41,41,46,29,46,8,30,9,28,43,23,14,33,29,9,4
4,22,22,18,42,8,1,29,34,40,2,5,12,34,30,34,8,17,48,31,27,29,11,11,14,19,2,30,1,3,0,44,23,24,10,19,42,12,38,18,30,18,49,44,10,29,35,28,4,46,3,37,10,31,25,40,28,6,6,6,36,47,5,17,43,15,3,7,34,6,24,3,32,30,30,41,32,49,6,2,41,12,15,10,26,14,8,9,49,46,32,36,9,12,45,10,49,37,1,4,10,21,2,7,26,4,25,33,32,5,32,27,7,46,15,18
6,44,2,41,23,39,48,28,22,12,24,25,30,38,22,10,17,12,44,35,13,16,26,34,47,44,35,36,23,16,44,0,43,20,3,33,44,10,20,3,30,11,46,1,49,42,38,42,20,11,40,47,25,27,13,19,36,29,30,5,28,17,21,46,7,15,4,13,41,31,46,8,2,39,21,4,13,10,26,36,1,2,11,43,33,7,16,34,30,19,37,1,3,29,4,38,15,4,47,5,43,6,18,24,28,31,49,42,44,28,4,45,17,9,17,24
25,35,46,16,33,34,17,15,40,7,37,4,37,7,47,17,33,39,30,41,42,39,14,48,14,45,48,27,32,8,23,43,0,4,14,13,20,2,19,28,42,34,32,30,49,7,49,31,25,16,41,39,48,20,37,15,27,17,7,12,31,26,1,36,22,12,21,23,15,44,12,46,27,45,46,25,19,17,32,13,34,9,34,2,21,15,30,2,47,40,48,32,23,22,36,8,20,30,44,30,11,43,12,18,23,28,2,34,13,16,20,20,35,5,27,14
5,22,29,48,28,3,41,44,47,1,33,39,14,7,44,18,28,22,4,16,20,41,39,17,17,22,26,1,47,32,24,20,4,0,13,3,36,34,30,29,10,29,46,44,4,21,13,43,49,12,45,25,30,29,38,46,14,49,8,37,15,23,35,45,46,21,19,35,12,40,41,5,33,14,47,30,1,18,21,14,6,34,2,30,34,43,47,17,14,37,15,1,15,20,16,34,46,12,33,8,13,12,19,22,11,47,31,24,47,22,8,17,4,7,33,19
47,43,24,11,39,1,34,20,34,12,12,31,29,40,15,28,31,3,17,46,24,35,38,29,14,40,43,11,4,13,10,3,14,13,0,26,9,23,26,33,9,48,19,3,49,25,38,43,24,48,6,43,42,11,42,6,2,45,1,38,9,19,2,41,37,4,14,38,23,23,4,29,22,19,31,36,7,18,43,17,31,46,5,27,28,14,8,25,2,34,37,30,26,47,18,43,45,39,10,22,34,19,24,35,34,28,27,6,29,19,19,12,40,15,42,12
7,20,37,5,25,30,13,9,34,19,28,16,21,7,7,40,18,49,44,18,18,19,20,28,4,4,6,18,37,28,19,33,13,3,26,0,23,26,25,27,28,8,14,26,23,34,8,37,36,49,14,15,48,32,12,19,33,31,2,23,24,47,37,3,27,18,39,37,27,5,23,37,49,24,23,16,41,14,16,2,7,15,49,44,39,43,22,11,2,11,27,49,37,40,23,7,34,33,42,49,21,33,12,48,33,20,20,24,28,47,48,21,14,34,46,32
32,29,18,39,27,14,43,47,26,6,11,29,21,12,34,5,3,3,20,7,3,3,17,23,2,49,41,31,3,38,42,44,20,36,9,23,0,18,9,13,40,20,23,30,1,20,44,35,1,13,29,2,38,13,40,18,31,41,13,7,17,1,21,42,9,37,20,23,39,46,45,14,7,23,21,22,1,29,48,14,22,21,8,29,12,20,16,3,29,14,33,46,5,16,6,15,19,14,3,15,32,4,22,20,34,28,23,48,27,38,45,42,44,49,15,2
20,34,19,14,29,15,4,25,39,40,37,36,42,48,23,21,48,28,26,41,45,6,9,11,23,10,43,14,10,34,12,10,2,34,23,26,18,0,35,43,47,3,16,45,44,6,24,2,17,6,31,49,2,35,33,36,33,6,14,27,49,7,42,13,28,12,49,2,30,13,3,17,32,14,44,40,8,12,18,18,11,21,48,14,27,16,35,12,36,29,20,1,14,28,20,7,9,19,26,26,23,12,49,29,31,25,1,38,40,43,30,19,14,21,23,24
32,9,29,31,32,13,17,3,28,20,4,17,34,17,23,19,29,45,1,33,18,29,21,7,42,41,19,1,34,8,38,20,19,30,26,25,9,35,0,42,38,39,5,14,36,21,17,24,17,30,33,26,6,8,37,9,21,39,31,30,46,40,25,10,36,16,41,5,15,40,24,4,12,11,16,43,33,18,25,16,28,23,21,13,25,3,15,25,23,12,17,25,9,21,24,28,10,34,42,23,31,18,7,7,10,29,35,40,32,27,3,5,17,25,3,32
3,44,28,19,33,34,3,32,43,7,17,34,39,31,4,32,3,4,22,49,48,6,49,45,22,3,29,30,6,14,18,3,28,29,33,27,13,43,42,0,32,37,3,3,27,34,18,1,9,42,22,9,31,20,16,25,22,7,11,5,42,20,18,49,46,32,4,41,23,16,7,44,8,47,14,15,25,7,6,21,18,24,31,29,6,26,43,47,14,30,43,1,47,12,6,43,1,25,33,40,45,13,45,15,2,20,14,21,45,18,1,14,49,23,23,6
17,23,43,7,40,49,9,30,3,38,37,14,48,47,26,49,14,34,39,26,23,46,39,24,6,21,2,37,37,18,30,30,42,10,9,28,40,47,38,32,0,13,16,21,49,27,18,17,33,46,5,47,20,21,8,23,24,30,14,33,35,23,40,2,27,19,34,37,23,36,33,43,40,38,41,40,23,10,44,27,8,5,18,21,19,27,44,49,25,20,39,26,41,12,49,29,48,17,15,29,1,8,13,5,29,20,27,29,27,7,5,6,5,21,16,42
47,25,39,24,44,9,26,46,14,30,9,49,7,2,3,2,30,23,42,12,42,16,19,29,23,35,26,41,44,14,18,11,34,29,48,8,20,3,39,37,13,0,21,24,21,45,45,18,20,42,18,28,28,42,12,21,48,18,2,13,30,38,8,47,35,35,31,34,43,40,47,3,13,10,46,39,48,18,4,22,24,6,40,35,44,39,1,3,18,11,39,26,6,16,49,49,21,42,41,11,15,18,6,45,42,41,36,18,16,13,14,11,23,10,17,38
13,48,11,22,46,31,33,47,10,25,9,5,48,34,40,32,26,36,34,29,7,24,35,11,5,34,45,26,35,21,49,46,32,46,19,14,23,16,5,3,16,21,0,30,26,22,10,9,47,18,29,44,10,13,19,44,35,9,17,16,20,41,8,36,18,39,46,28,48,4,12,48,20,10,25,41,20,9,45,3,7,36,7,41,6,29,27,19,4,12,45,47,49,43,34,30,46,8,15,31,9,40,13,22,38,34,8,29,15,11,40,49,18,3,41,45
5,12,27,27,6,2,19,29,3,30,31,26,16,18,30,31,11,16,18,6,23,7,28,36,46,9,49,4,23,39,44,1,30,44,3,26,30,45,14,3,21,24,30,0,28,18,1,18,49,13,2,27,27,19,13,12,37,38,39,4,45,27,38,22,8,25,4,3,46,4,17,38,20,48,12,19,28,44,39,2,10,14,18,12,13,11,38,45,37,6,33,8,48,49,48,23,1,10,46,6,5,29,11,30,36,41,14,45,1,34,18,22,48,37,42,27
27,2,46,17,8,42,42,27,8,19,30,44,7,1,46,19,20,36,25,45,8,26,21,47,45,8,20,11,39,20,10,49,49,4,49,23,1,44,36,27,49,21,26,28,0,32,25,40,8,32,38,17,45,9,28,44,36,32,37,4,13,36,2,21,1,14,19,19,18,6,44,36,40,13,27,48,46,20,6,27,47,48,48,38,3,9,8,29,16,27,46,17,18,1,41,23,14,19,40,31,22,17,10,30,4,34,6,41,18,4,7,28,15,3,37,47
16,44,34,18,32,41,40,13,2,2,49,40,47,4,29,15,28,27,23,39,28,36,20,35,3,33,11,30,2,5,29,42,7,21,25,34,20,6,21,34,27,45,22,18,32,0,42,9,6,43,24,40,26,20,33,39,18,5,40,48,26,18,40,5,24,43,4,33,38,7,9,49,31,32,36,11,44,12,9,4,49,28,13,16,30,14,5,2,37,20,11,8,47,49,30,16,24,46,23,36,13,29,38,35,23,35,14,47,38,44,18,18,22,19,31,33
40,6,3,38,7,23,41,9,48,24,2,28,20,1,47,46,17,38,14,45,44,16,22,5,30,10,32,1,37,2,35,38,49,13,38,8,44,24,17,18,18,45,10,1,25,42,0,12,20,49,22,14,44,22,46,5,14,35,12,45,13,23,35,13,49,20,23,30,9,7,12,44,33,16,49,5,8,6,26,37,14,47,19,29,35,27,4,40,43,17,15,9,35,20,35,6,36,18,44,25,35,42,40,9,34,3,49,40,29,39,44,28,6,39,38,49
47,8,39,7,10,7,3,11,42,21,29,19,39,33,42,7,24,23,42,26,1,35,1,44,16,24,4,49,13,11,28,42,31,43,43,37,35,2,24,1,17,18,9,18,40,9,12,0,16,46,39,7,10,27,6,19,38,25,25,3,15,41,47,14,18,1,38,30,6,16,4,31,16,43,7,8,19,27,29,20,20,9,12,15,16,37,45,12,39,24,41,7,5,11,4,31,6,1,28,4,32,47,10,9,10,7,12,41,21,10,34,18,29,11,19,26
9,17,33,30,20,37,29,10,41,41,49,30,36,42,47,36,45,37,17,34,13,20,39,27,25,4,41,8,6,19,4,20,25,49,24,36,1,17,17,9,33,20,47,49,8,6,20,16,0,35,9,39,2,21,10,13,25,17,46,7,9,14,36,20,19,20,15,37,18,7,7,48,10,30,22,30,40,27,6,24,42,26,19,39,33,5,40,3,5,1,41,34,40,44,36,43,2,3,13,37,25,9,48,12,12,5,21,39,9,3,30,16,29,7,28,34
46,42,22,48,17,14,35,48,35,14,49,33,18,35,28,36,23,3,44,12,9,23,44,12,34,30,7,14,2,23,46,11,16,12,48,49,13,6,30,42,46,42,18,13,32,43,49,46,35,0,17,19,44,21,1,40,32,31,2,12,5,32,9,31,21,36,18,48,10,25,33,7,32,46,26,41,28,14,45,43,29,35,33,47,18,44,43,22,4,30,7,34,34,42,37,43,48,31,6,11,42,18,6,1,47,32,20,27,37,12,34,44,35,28,42,39
16,29,13,35,21,46,25,30,28,46,46,9,22,37,30,41,1,20,18,20,8,20,23,41,2,10,12,19,38,1,3,40,41,45,6,14,29,31,33,22,5,18,29,2,38,24,22,39,9,17,0,36,12,22,29,42,14,33,44,12,31,9,14,28,38,48,1,17,26,7,1,34,24,27,20,37,33,5,13,36,14,15,27,2,33,30,38,37,29,1,37,16,5,41,37,39,20,11,17,4,43,45,19,39,11,48,19,17,46,45,17,31,17,32,19,39
42,16,20,23,10,3,48,6,31,1,24,2,22,17,10,15,46,38,16,1,27,41,33,13,31,30,5,8,30,41,37,47,39,25,43,15,2,49,26,9,47,28,44,27,17,40,14,7,39,19,36,0,38,15,43,34,9,48,8,14,23,7,49,4,33,28,41,16,4,38,31,10,30,13,19,7,3,40,17,42,10,39,13,37,42,19,46,31,38,33,11,38,27,43,7,4,12,25,9,39,31,43,20,33,34,38,32,26,40,5,13,13,15,29,16,17
46,18,19,44,49,3,36,22,19,36,34,18,21,19,4,44,38,40,15,20,29,49,6,26,30,7,7,10,44,3,10,25,48,30,42,48,38,2,6,31,20,28,10,27,45,26,44,10,2,44,12,38,0,49,45,43,3,49,42,45,2,8,26,9,46,29,44,12,34,30,39,34,26,33,9,6,27,20,36,26,3,30,28,32,28,23,1,11,49,38,10,11,33,49,30,11,5,47,49,7,47,31,17,47,44,34,39,15,8,6,1,35,37,9,12,5
9,38,9,1,28,4,1,13,29,11,16,42,20,21,5,39,35,22,19,45,6,14,12,38,35,46,13,46,22,34,31,27,20,29,11,32,13,35,8,20,21,42,13,19,9,20,22,27,21,21,22,15,49,0,42,49,37,21,9,26,21,40,26,2,11,31,45,48,43,34,19,16,30,8,30,7,49,49,3,36,43,37,4,1,11,8,40,11,13,49,2,31,30,38,49,28,34,1,32,37,42,3,30,20,33,43,26,17,40,26,27,36,31,47,45,41
18,32,12,23,17,31,48,43,19,38,12,7,28,40,20,14,16,21,13,19,9,49,8,18,38,3,3,32,45,28,25,13,37,38,42,12,40,33,37,16,8,12,19,13,28,33,46,6,10,1,29,43,45,42,0,30,49,41,30,33,27,46,12,32,3,6,28,44,33,4,49,28,18,37,1,16,30,5,41,20,12,24,29,30,9,49,37,41,7,12,6,49,19,26,16,10,14,3,10,39,40,7,6,16,27,35,46,32,12,33,27,33,12,49,21,23
23,35,42,27,44,11,27,45,26,1,10,33,44,22,12,36,6,10,41,27,19,24,15,43,46,23,38,12,31,3,40,19,15,46,6,19,18,36,9,25,23,21,44,12,44,39,5,19,13,40,42,34,43,49,30,0,18,29,19,35,23,45,39,7,33,34,27,12,4,7,15,24,40,23,22,14,33,18,30,14,2,8,14,10,38,10,28,12,43,43,5,48,13,29,1,45,42,26,21,17,31,40,40,48,47,4,29,33,40,46,39,9,33,9,27,18
10,17,24,1,11,24,2,49,15,36,10,39,14,48,40,4,7,45,44,38,6,5,8,17,2,18,45,32,18,7,28,36,27,14,2,33,31,33,21,22,24,48,35,37,36,18,14,38,25,32,14,9,3,37,49,18,0,30,49,42,6,29,12,25,3,29,19,32,21,4,24,32,37,13,47,8,21,45,13,30,28,10,24,45,47,22,6,12,44,42,42,43,32,22,4,7,40,4,17,48,32,46,11,45,41,18,17,43,30,38,28,48,19,14,17,6
42,43,28,5,32,20,47,46,23,33,32,42,14,11,40,19,46,37,36,13,3,49,39,48,6,5,31,31,43,12,6,29,17,49,45,31,41,6,39,7,30,18,9,38,32,5,35,25,17,31,33,48,49,21,41,29,30,0,32,33,41,35,36,2,29,32,42,24,4,32,27,23,39,42,49,45,8,32,38,14,40,6,43,45,47,22,12,45,24,32,42,37,35,41,29,47,28,1,14,21,2,46,8,2,19,45,22,15,8,24,1,24,11,29,31,22
47,49,17,24,13,17,8,14,42,43,22,14,9,1,32,35,23,22,21,1,30,47,37,47,24,44,39,24,27,31,6,30,7,8,1,2,13,14,31,11,14,2,17,39,37,40,12,25,46,2,44,8,42,9,30,19,49,32,0,27,19,48,28,10,48,48,30,23,16,36,36,10,43,8,42,48,7,21,22,40,35,8,47,11,7,12,12,39,46,15,1,20,35,36,7,1,48,5,15,29,31,15,34,44,22,4,29,2,27,28,46,15,41,35,33,39
27,37,5,48,47,15,25,20,23,31,13,42,47,9,8,10,3,49,5,22,22,36,34,10,36,43,30,26,19,10,6,5,12,37,38,23,7,27,30,5,33,13,16,4,4,48,45,3,7,12,12,14,45,26,33,35,42,33,27,0,33,44,17,34,18,28,28,46,21,43,14,13,21,35,5,20,34,39,37,47,45,44,1,11,34,24,14,36,25,5,20,19,30,41,38,16,33,27,1,31,21,35,34,37,24,17,8,48,23,42,33,12,35,33,34,13
20,23,48,29,10,35,47,11,40,43,37,2,19,47,34,3,40,3,17,34,13,13,26,45,44,28,45,48,33,18,36,28,31,15,9,24,17,49,46,42,35,30,20,45,13,26,13,15,9,5,31,23,2,21,27,23,6,41,19,33,0,27,5,47,8,20,2,25,5,34,18,37,20,16,15,4,26,17,12,18,29,20,34,17,1,8,46,13,31,23,48,14,31,39,7,17,49,39,49,35,1,21,33,17,46,43,47,42,25,29,14,7,24,38,1,49
33,20,13,17,21,29,17,38,17,45,15,5,35,32,39,31,10,30,36,34,20,18,37,15,33,36,34,1,5,39,47,17,26,23,19,47,1,7,40,20,23,38,41,27,36,18,23,41,14,32,9,7,8,40,46,45,29,35,48,44,27,0,25,5,46,21,45,25,45,11,27,32,41,26,24,43,15,43,5,48,6,31,23,47,14,40,40,5,18,6,30,28,36,20,35,26,40,45,46,35,49,1,28,39,5,20,31,14,10,26,8,42,20,34,26,18
44,32,35,48,40,18,40,11,2,13,27,10,2,49,34,32,23,27,42,29,20,38,41,11,39,5,35,32,7,35,5,21,1,35,2,37,21,42,25,18,40,8,8,38,2,40,35,47,36,9,14,49,26,26,12,39,12,36,28,17,5,25,0,17,23,13,5,39,24,6,16,15,33,11,42,10,45,43,31,25,1,34,38,36,24,30,30,32,26,13,8,4,5,27,15,24,6,31,11,34,15,36,39,40,22,4,1,19,25,27,39,15,14,47,15,37
33,18,24,10,23,6,27,42,40,3,12,26,3,14,44,5,31,48,13,16,23,37,37,25,18,17,12,38,21,7,17,46,36,45,41,3,42,13,10,49,2,47,36,22,21,5,13,14,20,31,28,4,9,2,32,7,25,2,10,34,47,5,17,0,4,18,46,20,49,18,14,26,46,5,49,47,5,39,30,30,41,32,9,6,48,22,39,23,24,41,15,43,42,33,37,47,8,38,27,31,8,35,22,12,4,24,2,18,34,12,31,19,16,31,6,20
27,46,42,47,6,19,28,20,7,19,48,28,4,46,43,12,21,20,9,46,32,26,42,47,24,23,36,7,10,37,43,7,22,46,37,27,9,28,36,46,27,35,18,8,1,24,49,18,19,21,38,33,46,11,3,33,3,29,48,18,8,46,23,4,0,23,19,16,7,27,19,45,31,49,10,11,16,3,42,32,4,13,39,24,32,3,5,11,5,35,45,35,27,47,28,8,24,8,27,45,38,4,5,48,41,16,37,42,46,28,17,48,7,47,49,17
9,9,20,43,10,3,12,40,45,3,34,29,21,38,43,42,43,3,42,13,39,15,23,47,2,42,45,13,48,9,15,15,12,21,4,18,37,12,16,32,19,35,39,25,14,43,20,1,20,36,48,28,29,31,6,34,29,32,48,28,20,21,13,18,23,0,12,21,41,12,17,23,32,14,14,29,17,17,23,37,44,45,14,19,5,8,35,16,46,3,21,32,3,38,27,33,18,13,1,38,27,23,9,2,20,26,40,3,21,13,13,48,41,19,49,30
13,38,34,17,22,33,35,14,26,33,13,5,1,41,19,39,43,30,2,38,19,3,6,37,8,32,5,27,47,2,3,4,21,19,14,39,20,49,41,4,34,31,46,4,19,4,23,38,15,18,1,41,44,45,28,27,19,42,30,28,2,45,5,46,19,12,0,15,36,2,10,34,46,47,39,41,2,28,48,42,1,19,27,39,7,14,17,27,35,4,34,37,39,43,36,27,40,40,36,5,1,49,37,24,13,44,38,34,16,11,35,18,42,19,18,42
11,10,32,49,29,12,36,8,36,47,28,8,25,36,43,3,22,14,31,49,33,43,40,41,32,8,24,41,36,26,7,13,23,35,38,37,23,2,5,41,37,34,28,3,19,33,30,30,37,48,17,16,12,48,44,12,32,24,23,46,25,25,39,20,16,21,15,0,40,47,7,48,25,17,24,31,22,16,4,1,28,19,48,18,6,48,3,11,18,48,7,17,20,31,25,42,35,40,14,25,36,7,25,49,27,32,37,39,40,23,22,3,25,34,37,19
41,22,18,8,42,6,14,1,47,22,29,10,42,23,5,48,5,23,42,26,30,25,33,31,7,33,30,27,48,48,34,41,15,12,23,27,39,30,15,23,23,43,48,46,18,38,9,6,18,10,26,4,34,43,33,4,21,4,16,21,5,45,24,49,7,41,36,40,0,48,24,1,25,47,28,2,37,47,19,28,32,30,20,7,3,30,8,6,28,35,15,6,4,20,4,31,28,35,13,11,38,26,4,45,35,32,33,30,3,2,48,28,40,29,14,47
35,37,26,41,48,34,29,45,39,32,13,24,21,20,5,29,10,19,37,42,44,28,43,45,27,41,40,40,33,32,6,31,44,40,23,5,46,13,40,16,36,40,4,4,6,7,7,16,7,25,7,38,30,34,4,7,4,32,36,43,34,11,6,18,27,12,2,47,48,0,35,43,20,45,12,23,23,13,30,46,3,43,8,4,34,9,40,36,41,21,48,24,39,25,48,13,14,35,43,37,40,41,39,39,23,38,22,7,35,48,2,43,36,19,27,18
10,40,10,1,47,9,19,33,38,34,2,27,22,35,15,24,26,6,11,25,22,12,40,14,41,12,14,47,9,20,24,46,12,41,4,23,45,3,24,7,33,47,12,17,44,9,12,4,7,33,1,31,39,19,49,15,24,27,36,14,18,27,16,14,19,17,10,7,24,35,0,30,44,35,25,2,46,8,1,13,11,22,29,19,16,12,25,2,21,43,42,13,49,41,40,39,29,41,12,16,44,49,23,40,6,48,20,44,29,15,21,47,12,7,47,18
38,41,1,25,43,9,20,43,15,42,23,12,11,24,19,47,3,36,36,34,37,15,27,33,2,31,28,14,17,5,3,8,46,5,29,37,14,17,4,44,43,3,48,38,36,49,44,31,48,7,34,10,34,16,28,24,32,23,10,13,37,32,15,26,45,23,34,48,1,43,30,0,39,23,41,29,24,5,39,21,3,18,34,4,15,29,27,38,25,37,17,17,11,11,38,23,43,27,28,49,2,35,28,43,46,1,34,23,43,6,43,33,31,21,36,21
7,40,9,12,19,17,20,14,35,40,24,48,39,22,26,32,42,21,42,28,40,49,29,39,15,41,6,15,34,2,32,2,27,33,22,49,7,32,12,8,40,13,20,20,40,31,33,16,10,32,24,30,26,30,18,40,37,39,43,21,20,41,33,46,31,32,46,25,25,20,44,39,0,23,26,4,38,30,23,14,31,45,23,41,9,40,4,35,30,35,14,40,37,46,40,12,31,6,19,5,38,13,22,33,4,3,19,28,14,31,26,17,8,49,22,13
23,20,49,48,33,30,11,25,2,27,22,2,1,37,30,7,45,5,45,11,15,25,46,31,30,23,9,4,46,20,30,39,45,14,19,24,23,14,11,47,38,10,10,48,13,32,16,43,30,46,27,13,33,8,37,23,13,42,8,35,16,26,11,5,49,14,47,17,47,45,35,23,23,0,47,32,41,48,40,40,18,47,49,6,22,31,17,33,30,43,2,41,22,26,20,5,25,19,21,39,43,47,34,33,14,28,18,40,20,39,38,43,44,9,34,20
7,27,11,17,10,29,22,17,7,9,22,29,6,7,39,17,3,5,42,14,31,41,12,7,11,44,45,27,34,7,30,21,46,47,31,23,21,44,16,14,41,46,25,12,27,36,49,7,22,26,20,19,9,30,1,22,47,49,42,5,15,24,42,49,10,14,39,24,28,12,25,41,26,47,0,41,11,17,13,36,34,49,9,23,13,2,10,33,49,40,27,46,18,16,7,21,21,46,24,1,43,48,15,26,21,39,49,32,1,24,21,19,48,20,27,20
20,37,9,39,41,37,8,24,12,23,41,32,45,30,19,7,15,44,26,11,29,49,9,49,35,48,35,1,30,49,41,4,25,30,36,16,22,40,43,15,40,39,41,19,48,11,5,8,30,41,37,7,6,7,16,14,8,45,48,20,4,43,10,47,11,29,41,31,2,23,2,29,4,32,41,0,27,30,37,46,48,25,28,48,20,28,1,15,38,30,44,40,40,6,12,1,47,46,30,41,19,14,34,34,13,30,27,12,11,27,34,17,13,27,47,30
19,41,38,47,3,23,13,33,27,47,18,16,10,36,12,24,27,26,32,7,48,40,39,25,40,47,20,35,20,16,32,13,19,1,7,41,1,8,33,25,23,48,20,28,46,44,8,19,40,28,33,3,27,49,30,33,21,8,7,34,26,15,45,5,16,17,2,22,37,23,46,24,38,41,11,27,0,38,49,27,20,38,22,25,32,8,31,45,28,35,14,27,12,28,35,14,19,46,21,15,22,41,18,17,47,27,33,37,27,36,41,49,9,9,23,10
2,39,36,24,2,22,27,46,17,26,30,33,11,3,19,13,24,13,6,13,29,27,37,12,4,26,16,1,36,20,49,10,17,18,18,14,29,12,18,7,10,18,9,44,20,12,6,27,27,14,5,40,20,49,5,18,45,32,21,39,17,43,43,39,3,17,28,16,47,13,8,5,30,48,17,30,38,0,3,49,32,23,35,18,33,20,46,8,23,9,22,27,46,49,29,18,10,15,18,27,8,36,25,18,47,24,46,20,25,46,42,34,48,14,45,26
5,20,41,25,39,36,47,2,43,5,5,31,34,17,35,17,38,48,35,8,19,48,15,47,28,11,29,11,21,46,6,26,32,21,43,16,48,18,25,6,44,4,45,39,6,9,26,29,6,45,13,17,36,3,41,30,13,38,22,37,12,5,31,30,42,23,48,4,19,30,1,39,23,40,13,37,49,3,0,2,31,46,45,37,11,35,21,24,32,33,44,5,22,14,39,23,13,44,7,14,21,36,48,31,44,14,10,42,16,26,12,31,17,22,36,31
41,9,47,26,18,7,13,7,24,1,26,41,31,46,28,36,2,17,6,19,41,43,26,12,17,2,30,30,8,33,2,36,13,14,17,2,14,18,16,21,27,22,3,2,27,4,37,20,24,43,36,42,26,36,20,14,30,14,40,47,18,48,25,30,32,37,42,1,28,46,13,21,14,40,36,46,27,49,2,0,46,46,43,26,32,11,29,15,13,20,28,47,42,37,37,31,25,24,12,35,35,15,31,12,29,17,39,40,23,36,44,35,35,20,10,11
18,15,36,3,26,15,24,6,18,19,37,3,47,47,31,37,5,6,36,42,48,17,37,27,25,42,38,11,28,21,41,1,34,6,31,7,22,11,28,18,8,24,7,10,47,49,14,20,42,29,14,10,3,43,12,2,28,40,35,45,29,6,1,41,4,44,1,28,32,3,11,3,31,18,34,48,20,32,31,46,0,20,46,9,25,1,47,8,46,2,21,45,27,20,39,37,10,17,6,44,18,43,48,38,47,1,42,15,43,24,29,36,36,17,34,3
7,28,15,8,36,42,26,40,38,14,29,30,29,34,29,1,14,16,33,45,5,1,38,22,24,20,30,6,4,42,12,2,9,34,46,15,21,21,23,24,5,6,36,14,48,28,47,9,26,35,15,39,30,37,24,8,10,6,8,44,20,31,34,32,13,45,19,19,30,43,22,18,45,47,49,25,38,23,46,46,20,0,7,38,9,45,4,23,41,18,13,42,32,29,20,12,24,35,44,9,20,48,13,4,21,10,19,20,28,31,38,27,48,43,10,24
38,4,16,38,26,12,7,6,17,11,40,24,19,45,31,28,44,34,22,36,23,40,22,4,19,32,39,4,48,11,15,11,34,2,5,49,8,48,21,31,18,40,7,18,48,13,19,12,19,33,27,13,28,4,29,14,24,43,47,1,34,23,38,9,39,14,27,48,20,8,29,34,23,49,9,28,22,35,45,43,46,7,0,17,41,25,5,34,43,45,12,23,7,12,12,33,6,31,8,33,3,19,31,24,30,38,36,34,34,27,5,35,34,14,1,45
34,16,45,10,35,17,36,3,29,9,11,38,33,24,12,39,44,41,46,46,34,1,46,25,14,25,27,2,48,16,10,43,2,30,27,44,29,14,13,29,21,35,41,12,38,16,29,15,39,47,2,37,32,1,30,10,45,45,11,11,17,47,36,6,24,19,39,18,7,4,19,4,41,6,23,48,25,18,37,26,9,38,17,0,4,21,21,45,36,35,27,11,26,14,14,20,15,21,44,32,14,40,37,48,45,30,18,30,4,44,41,16,27,17,4,14
19,3,7,11,3,45,5,10,31,23,45,22,22,48,45,49,41,23,36,41,33,14,37,16,29,41,4,41,31,27,26,33,21,34,28,39,12,27,25,6,19,44,6,13,3,30,35,16,33,18,33,42,28,11,9,38,47,47,7,34,1,14,24,48,32,5,7,6,3,34,16,15,9,22,13,20,32,33,11,32,25,9,41,4,0,15,32,46,4,29,44,48,36,20,37,32,23,1,17,10,33,40,25,18,43,9,49,24,46,45,17,33,44,6,31,21
21,23,34,20,43,13,28,36,21,11,46,29,37,35,26,15,2,6,47,1,14,38,40,10,26,11,19,14,32,34,14,7,15,43,14,43,20,16,3,26,27,39,29,11,9,14,27,37,5,44,30,19,23,8,49,10,22,22,12,24,8,40,30,22,3,8,14,48,30,9,12,29,40,31,2,28,8,20,35,11,1,45,25,21,15,0,49,12,6,32,39,23,37,18,47,43,42,28,15,45,1,28,21,47,42,48,32,1,42,33,22,45,19,15,9,38
27,6,35,13,9,25,9,18,27,22,38,33,37,44,47,28,37,27,41,29,18,29,32,30,48,43,40,49,31,40,8,16,30,47,8,22,16,35,15,43,44,1,27,38,8,5,4,45,40,43,38,46,1,40,37,28,6,12,12,14,46,40,30,39,5,35,17,3,8,40,25,27,4,17,10,1,31,46,21,29,47,4,5,21,32,49,0,39,40,19,47,1,38,39,39,8,8,23,47,42,14,33,46,34,5,3,35,44,1,1,3,41,17,1,8,20
24,6,32,32,3,37,4,29,33,6,22,7,28,23,3,15,45,19,15,6,18,31,25,27,7,24,29,13,4,34,9,34,2,17,25,11,3,12,25,47,49,3,19,45,29,2,40,12,3,22,37,31,11,11,41,12,12,45,39,36,13,5,32,23,11,16,27,11,6,36,2,38,35,33,33,15,45,8,24,15,8,23,34,45,46,12,39,0,20,46,12,7,31,39,18,14,21,43,21,19,33,5,7,30,29,27,2,45,27,19,31,13,34,47,26,10
23,19,30,5,19,49,7,20,30,32,24,22,36,18,6,14,36,35,47,19,23,35,40,24,24,26,46,34,23,27,49,30,47,14,2,2,29,36,23,14,25,18,4,37,16,37,43,39,5,4,29,38,49,13,7,43,44,24,46,25,31,18,26,24,5,46,35,18,28,41,21,25,30,30,49,38,28,23,32,13,46,41,43,36,4,6,40,20,0,5,33,37,13,1,1,42,7,28,17,6,40,43,26,24,15,39,33,32,12,20,3,40,24,32,26,35
44,38,35,1,23,29,48,31,47,14,28,35,32,11,10,9,7,2,24,22,19,12,20,40,7,45,36,22,21,14,46,19,40,37,34,11,14,29,12,30,20,11,12,6,27,20,17,24,1,30,1,33,38,49,12,43,42,32,15,5,23,6,13,41,35,3,4,48,35,21,43,37,35,43,40,30,35,9,33,20,2,18,45,35,29,32,19,46,5,0,37,11,6,1,19,9,15,40,21,13,16,10,34,22,36,8,15,43,25,25,45,33,27,7,28,30
38,30,34,32,39,27,22,34,42,38,45,14,14,16,14,1,8,35,29,5,48,37,21,47,30,38,11,4,4,21,32,37,48,15,37,27,33,20,17,43,39,39,45,33,46,11,15,41,41,7,37,11,10,2,6,5,42,42,1,20,48,30,8,15,45,21,34,7,15,48,42,17,14,2,27,44,14,22,44,28,21,13,12,27,44,39,47,12,33,37,0,13,22,7,24,6,19,44,2,37,36,13,37,24,35,31,31,29,15,47,38,39,22,14,49,3
11,13,36,39,6,13,48,15,1,22,11,2,35,43,18,16,41,47,31,46,8,10,8,47,12,12,31,11,26,45,36,1,32,1,30,49,46,1,25,1,26,26,47,8,17,8,9,7,34,34,16,38,11,31,49,48,43,37,20,19,14,28,4,43,35,32,37,17,6,24,13,17,40,41,46,40,27,27,5,47,45,42,23,11,48,23,1,7,37,11,13,0,14,3,5,3,35,17,1,43,5,35,13,27,12,30,2,46,12,13,41,42,46,40,28,16
9,29,14,27,33,41,2,4,28,45,3,45,22,21,7,20,43,27,12,21,40,22,29,10,37,3,6,15,8,37,9,3,23,15,26,37,5,14,9,47,41,6,49,48,18,47,35,5,40,34,5,27,33,30,19,13,32,35,35,30,31,36,5,42,27,3,39,20,4,39,49,11,37,22,18,40,12,46,22,42,27,32,7,26,36,37,38,31,13,6,22,14,0,30,14,31,43,37,37,44,33,11,44,33,21,26,43,41,33,31,38,9,18,47,29,14
27,7,13,11,22,32,14,20,43,17,46,43,14,10,1,31,36,46,12,33,9,3,33,29,4,8,34,35,20,14,12,29,22,20,47,40,16,28,21,12,12,16,43,49,1,49,20,11,44,42,41,43,49,38,26,29,22,41,36,41,39,20,27,33,47,38,43,31,20,25,41,11,46,26,16,6,28,49,14,37,20,29,12,14,20,18,39,39,1,1,7,3,30,0,1,26,3,24,4,35,11,35,49,44,34,44,16,21,45,5,47,38,39,29,46,26
36,45,48,15,16,25,41,45,19,43,35,4,1,3,37,27,33,28,6,31,20,40,46,35,29,46,47,36,34,48,45,4,36,16,18,23,6,20,24,6,49,49,34,48,41,30,35,4,36,37,37,7,30,49,16,1,4,29,7,38,7,35,15,37,28,27,36,25,4,48,40,38,40,20,7,12,35,29,39,37,39,20,12,14,37,47,39,18,1,19,24,5,14,1,0,5,27,13,46,37,6,25,23,30,20,39,22,7,17,46,13,30,7,18,29,4
28,6,20,41,11,25,35,12,44,29,24,4,1,35,21,14,33,42,35,8,26,25,36,38,15,18,21,29,35,1,10,38,8,34,43,7,15,7,28,43,29,49,30,23,23,16,6,31,43,43,39,4,11,28,10,45,7,47,1,16,17,26,24,47,8,33,27,42,31,13,39,23,12,5,21,1,14,18,23,31,37,12,33,20,32,43,8,14,42,9,6,3,31,26,5,0,30,18,27,11,45,14,8,36,32,19,45,40,21,19,27,20,32,6,6,7
33,17,46,15,4,7,30,14,28,1,8,44,40,10,2,29,33,1,35,39,7,12,49,30,47,1,7,2,18,37,49,15,20,46,45,34,19,9,10,1,48,21,46,1,14,24,36,6,2,48,20,12,5,34,14,42,40,28,48,33,49,40,6,8,24,18,40,35,28,14,29,43,31,25,21,47,19,10,13,25,10,24,6,15,23,42,8,21,7,15,19,35,43,3,27,30,0,47,3,34,9,19,8,4,47,15,15,43,47,2,20,38,19,29,4,41
17,6,45,6,11,22,11,6,45,20,7,37,46,31,5,45,35,49,8,12,47,15,12,15,15,48,31,5,31,48,37,4,30,12,39,33,14,19,34,25,17,42,8,10,19,46,18,1,3,31,11,25,47,1,3,26,4,1,5,27,39,45,31,38,8,13,40,40,35,35,41,27,6,19,46,46,46,15,44,24,17,35,31,21,1,28,23,43,28,40,44,17,37,24,13,18,47,0,36,8,47,33,2,28,29,34,44,31,18,45,31,22,18,4,40,49
22,27,3,17,42,41,29,21,24,36,29,44,1,4,6,19,39,17,39,18,26,37,1,26,3,31,4,46,48,8,1,47,44,33,10,42,3,26,42,33,15,41,15,46,40,23,44,28,13,6,17,9,49,32,10,21,17,14,15,1,49,46,11,27,27,1,36,14,13,43,12,28,19,21,24,30,21,18,7,12,6,44,8,44,17,15,47,21,17,21,2,1,37,4,46,27,3,36,0,44,47,19,31,40,30,7,19,34,5,47,4,31,29,34,15,43
44,20,32,28,49,16,7,12,7,10,44,11,49,20,32,21,35,8,27,36,1,24,32,43,25,49,9,39,7,37,4,5,30,8,22,49,15,26,23,40,29,11,31,6,31,36,25,4,37,11,4,39,7,37,39,17,48,21,29,31,35,35,34,31,45,38,5,25,11,37,16,49,5,39,1,41,15,27,14,35,44,9,33,32,10,45,42,19,6,13,37,43,44,35,37,11,34,8,44,0,23,37,48,23,44,43,35,16,47,8,45,48,12,37,6,15
30,40,36,6,24,21,12,3,28,29,38,49,2,28,25,30,24,14,44,29,11,11,24,9,13,42,15,2,28,41,10,43,11,13,34,21,32,23,31,45,1,15,9,5,22,13,35,32,25,42,43,31,47,42,40,31,32,2,31,21,1,49,15,8,38,27,1,36,38,40,44,2,38,43,43,19,22,8,21,35,18,20,3,14,33,1,14,33,40,16,36,5,33,11,6,45,9,47,47,23,0,46,33,17,26,33,11,45,38,19,21,1,9,12,10,28
17,38,27,33,23,34,23,49,30,20,37,32,24,39,20,11,12,9,6,1,48,47,19,26,34,12,3,19,45,41,21,6,43,12,19,33,4,12,18,13,8,18,40,29,17,29,42,47,9,18,45,43,31,3,7,40,46,46,15,35,21,1,36,35,4,23,49,7,26,41,49,35,13,47,48,14,41,36,36,15,43,48,19,40,40,28,33,5,43,10,13,35,11,35,25,14,19,33,19,37,46,0,10,4,27,6,7,44,33,48,29,11,20,14,30,16
41,26,11,10,45,34,29,11,2,32,17,48,27,13,41,15,13,35,48,32,12,32,17,22,26,11,3,23,23,46,2,18,12,19,24,12,22,49,7,45,13,6,13,11,10,38,40,10,48,6,19,20,17,30,6,40,11,8,34,34,33,28,39,22,5,9,37,25,4,39,23,28,22,34,15,34,18,25,48,31,48,13,31,37,25,21,46,7,26,34,37,13,44,49,23,8,8,2,31,48,33,10,0,39,37,10,11,18,6,33,38,30,26,9,39,41
7,37,28,9,32,13,11,35,44,24,28,6,24,7,25,12,22,3,23,13,21,37,20,30,17,22,18,44,45,29,7,24,18,22,35,48,20,29,7,15,5,45,22,30,30,35,9,9,12,1,39,33,47,20,16,48,45,2,44,37,17,39,40,12,48,2,24,49,45,39,40,43,33,33,26,34,17,18,31,12,38,4,24,48,18,47,34,30,24,22,24,27,33,44,30,36,4,28,40,23,17,4,39,0,40,14,43,10,26,43,16,49,25,44,37,6
11,16,43,15,43,19,31,13,33,42,5,34,34,39,2,41,19,12,47,45,15,47,14,37,37,38,29,36,10,46,26,28,23,11,34,33,34,31,10,2,29,42,38,36,4,23,34,10,12,47,11,34,44,33,27,47,41,19,22,24,46,5,22,4,41,20,13,27,35,23,6,46,4,14,21,13,47,47,44,29,47,21,30,45,43,42,5,29,15,36,35,12,21,34,20,32,47,29,30,44,26,27,37,40,0,19,2,36,37,12,11,11,19,1,4,7
38,22,44,13,38,8,13,47,8,43,24,49,21,44,43,29,4,42,31,12,7,15,15,25,45,18,47,5,7,8,4,31,28,47,28,20,28,25,29,20,20,41,34,41,34,35,3,7,5,32,48,38,34,43,35,4,18,45,4,17,43,20,4,24,16,26,44,32,32,38,48,1,3,28,39,30,27,24,14,17,1,10,38,30,9,48,3,27,39,8,31,30,26,44,39,19,15,34,7,43,33,6,10,14,19,0,38,16,38,45,33,24,22,27,29,25
18,19,36,28,8,42,35,6,36,42,41,42,12,22,41,38,23,11,27,35,12,49,26,27,21,39,46,3,34,30,25,49,2,31,27,20,23,1,35,14,27,36,8,14,6,14,49,12,21,20,19,32,39,26,46,29,17,22,29,8,47,31,1,2,37,40,38,37,33,22,20,34,19,18,49,27,33,46,10,39,42,19,36,18,49,32,35,2,33,15,31,2,43,16,22,45,15,44,19,35,11,7,11,43,2,38,0,30,43,13,2,11,29,21,47,26
16,23,43,42,33,23,17,31,37,46,12,39,25,4,21,1,48,48,43,13,8,34,28,38,40,37,32,5,29,9,33,42,34,24,6,24,48,38,40,21,29,18,29,45,41,47,40,41,39,27,17,26,15,17,32,33,43,15,2,48,42,14,19,18,42,3,34,39,30,7,44,23,28,40,32,12,37,20,42,40,15,20,34,30,24,1,44,45,32,43,29,46,41,21,7,40,43,31,34,16,45,44,18,10,36,16,30,0,26,8,46,44,30,5,10,42
31,30,4,30,16,41,26,11,23,29,10,22,13,2,6,11,32,39,4,12,18,12,21,2,47,19,17,14,34,28,32,44,13,47,29,28,27,40,32,45,27,16,15,1,18,38,29,21,9,37,46,40,8,40,12,40,30,8,27,23,25,10,25,34,46,21,16,40,3,35,29,43,14,20,1,11,27,25,16,23,43,28,34,4,46,42,1,27,12,25,15,12,33,45,17,21,47,18,5,47,38,33,6,26,37,38,43,26,0,47,24,17,16,15,21,20
14,15,30,48,18,27,38,6,48,1,40,12,34,7,39,26,31,22,43,9,14,32,7,33,20,17,15,46,27,43,5,28,16,22,19,47,38,43,27,18,7,13,11,34,4,44,39,10,3,12,45,5,6,26,33,46,38,24,28,42,29,26,27,12,28,13,11,23,2,48,15,6,31,39,24,27,36,46,26,36,24,31,27,44,45,33,1,19,20,25,47,13,31,5,46,19,2,45,47,8,19,48,33,43,12,45,13,8,47,0,23,22,5,26,33,32
27,1,1,10,42,10,17,25,49,12,15,34,49,29,1,14,24,18,42,14,36,3,46,40,7,29,6,47,43,23,32,4,20,8,19,48,45,30,3,1,5,14,40,18,7,18,44,34,30,34,17,13,1,27,27,39,28,1,46,33,14,8,39,31,17,13,35,22,48,2,21,43,26,38,21,34,41,42,12,44,29,38,5,41,17,22,3,31,3,45,38,41,38,47,13,27,20,31,4,45,21,29,38,16,11,33,2,46,24,23,0,23,49,33,22,10
40,6,45,41,12,39,22,35,29,7,3,34,30,18,30,34,25,37,16,11,41,14,22,17,6,23,8,46,34,14,27,45,20,17,12,21,42,19,5,14,6,11,49,22,28,18,28,18,16,44,31,13,35,36,33,9,48,24,15,12,7,42,15,19,48,48,18,3,28,43,47,33,17,43,19,17,49,34,31,35,36,27,35,16,33,45,41,13,40,33,39,42,9,38,30,20,38,22,31,48,1,11,30,49,11,24,11,44,17,22,23,0,4,9,6,13
44,24,6,13,34,48,44,12,44,27,20,8,28,25,34,30,40,16,45,23,46,26,45,37,48,31,11,45,17,33,7,17,35,4,40,14,44,14,17,49,5,23,18,48,15,22,6,29,29,35,17,15,37,31,12,33,19,11,41,35,24,20,14,16,7,41,42,25,40,36,12,31,8,44,48,13,9,48,17,35,36,48,34,27,44,19,17,34,24,27,22,46,18,39,7,32,19,18,29,12,9,20,26,25,19,22,29,30,16,5,49,4,0,4,30,24
48,34,11,34,28,40,45,1,16,12,26,31,20,12,30,31,18,25,27,21,23,8,8,13,2,2,1,43,17,29,46,9,5,7,15,34,49,21,25,23,21,10,3,37,3,19,39,11,7,28,32,29,9,47,49,9,14,29,35,33,38,34,47,31,47,19,19,34,29,19,7,21,49,9,20,27,9,14,22,20,17,43,14,17,6,15,1,47,32,7,14,40,47,29,18,6,29,4,34,37,12,14,9,44,1,27,21,5,15,26,33,9,4,0,2,14
21,39,12,18,7,40,44,49,16,15,9,44,44,39,8,34,22,28,18,5,48,6,31,49,45,13,1,9,18,9,15,17,27,33,42,46,15,23,3,23,16,17,41,42,37,31,38,19,28,42,19,16,12,45,21,27,17,31,33,34,1,26,15,6,49,49,18,37,14,27,47,36,22,34,27,47,23,45,36,10,34,10,1,4,31,9,8,26,26,28,49,28,29,46,29,6,4,40,15,6,10,30,39,37,4,29,47,10,21,33,22,6,30,2,0,24
23,8,31,3,49,4,16,12,29,24,36,43,20,41,34,42,24,45,27,19,30,26,28,34,31,19,14,43,39,4,18,24,14,19,12,32,2,24,32,6,42,38,45,27,47,33,49,26,34,39,39,17,5,41,23,18,6,22,39,13,49,18,37,20,17,30,42,19,47,18,18,21,13,20,20,30,10,26,31,11,3,24,45,14,21,38,20,10,35,30,3,16,14,26,4,7,41,49,43,15,28,16,41,6,7,25,26,42,20,32,10,13,24,14,24,0
