0,963,61864,5842,5229,15234,11224,13268,10548,963,2879,4269,60796,8417,6804,6822,8441,2549,7560,7995,4598,8761,8942,6465,9800,12038,6721,5764,5800,13848,5939,4811,6822,9744,4006,4407,4252,4620,7685,30386,10858,33767,2346,2277,10247,4091,3340,4338,6399,3085,2455,3388,3065,11424,35594,37782,5199,4064,2380,7938,9001,4269,6017,4098,6018,7074,8947,6408,6728,6625,4534,33250,3986,3816,7560,5628,1824,2485,3266,5976,1892,4154,2522,6249,9183,6115,6777,6284,3998,5007,3696,6687,17317,27783,27532,27061,18280,18731,26743,14344,16714,17052,15763,15647
963,0,63522,7500,6887,16892,12881,14925,12212,0,1850,5926,62454,10075,8462,6999,10099,1880,9218,9653,3929,10419,10600,8123,11464,13696,8378,5095,7458,15506,7597,6469,6999,11402,5664,3738,5296,3951,9343,32044,12516,26109,1677,3321,11911,3422,4384,3669,6399,2416,1426,2719,4109,13082,27936,39439,6856,3395,2722,9595,7913,5926,7061,3429,7675,8732,7503,7452,8386,8282,3865,25592,3317,3147,9218,6672,2868,3529,2597,6369,1223,3485,1853,5580,10840,5446,8435,7942,3329,4337,3027,8344,16648,17919,18885,20080,17611,18062,28401,16002,18372,18710,17421,17305
56102,56997,0,51317,54449,44474,48121,44066,48543,56997,58612,52280,9488,54239,48285,58744,54263,58282,47186,51332,60590,48176,48563,49158,46217,46953,48623,58692,48597,46099,50950,50633,58744,55566,52018,58054,55155,57930,53936,54675,43885,61945,58079,55338,45729,59227,56401,59474,52366,58221,58188,58524,55469,48322,65740,64038,54418,58212,55441,48765,55654,52280,55138,59213,48047,48555,55600,55984,47774,49895,59670,63562,59122,58952,47186,56409,54885,55546,58402,57899,57028,58845,58255,59768,55005,59165,48048,49566,59134,60142,59428,49968,66083,63334,63082,60645,62986,65383,53318,47158,36794,43277,42979,44286
6379,7273,58693,0,2764,12300,10898,9646,7620,7273,8888,1803,57625,3349,7692,9262,3373,8558,6786,3809,10867,4843,5025,2909,6872,9104,7381,9210,3624,8446,1195,622,9262,4676,3062,8572,4772,8448,2616,29399,7924,32780,8355,5614,7313,9503,6677,9751,2647,8498,8464,8800,5745,11362,34607,36794,2733,8730,5717,7132,5536,1803,3539,9490,6707,7962,3859,3961,7181,2389,9946,32263,9398,9228,6786,6927,5162,5822,8678,8417,7304,9363,8531,10286,4114,9683,5510,6547,9410,10419,9705,6658,29546,26796,26545,26074,28416,30813,25756,9505,13543,13938,12427,12454
6440,7334,58639,2762,0,12246,10844,9593,7560,7334,8949,1080,57571,4502,7753,6715,4685,8619,6733,5008,10928,5774,5956,3478,6812,9050,7442,6699,3570,8392,1348,2532,6715,5988,3123,5938,2915,5814,2740,29460,7870,32841,8416,5675,7259,9564,4444,8111,1170,8559,8525,6773,3541,11308,34668,36855,1289,6096,4177,7079,3382,1080,2024,9551,6768,8023,2466,2406,7242,2850,8339,32324,9459,9289,6733,4427,5223,3668,8739,5869,7365,6729,8592,7184,5426,7049,5457,6608,9471,10480,9766,6596,29607,26857,26606,26135,28477,30874,25817,9451,13489,13885,12373,12401
16687,17582,52327,9975,10485,0,6178,3778,2989,17582,19197,9524,46274,8034,8866,19329,9242,18867,5704,4987,21175,3892,4074,7816,3727,3410,9204,19277,7255,2805,9609,9291,19329,9003,12603,18639,15740,18515,12594,26633,5152,30014,18664,15923,3460,19812,16986,20059,11024,18806,18773,19109,16054,6232,31841,34028,10454,18797,16026,5867,16239,9524,11879,19799,8628,9136,12320,12261,8355,6935,20255,29497,19707,19537,5704,16994,15470,16131,18987,18484,17613,19430,18840,20353,9582,19750,6635,7612,19719,20728,20013,6178,26779,24030,23778,23308,25650,28047,22990,1287,6523,3065,3238,2625
12482,13376,54171,10233,10828,5705,0,3667,7074,13376,14991,8660,53103,12808,4660,15123,12832,14661,3658,7388,16970,6058,6445,7116,4099,5051,4998,15071,6497,4247,10330,9202,15123,14135,8397,14433,11534,14309,13394,22427,2050,25808,14458,11717,3611,15606,12780,15854,10692,14601,14567,14903,11848,1773,27635,29822,10798,14591,11820,2217,12033,8660,11517,15593,4422,4930,11979,12363,4150,7913,16049,25291,15501,15331,3658,12788,11265,11926,14782,14278,13407,15224,14634,16148,13573,15544,4666,3153,15513,16522,15808,3609,22574,19824,19573,19102,21444,23841,18784,5011,9021,7441,6008,6036
14636,15530,52098,9314,9824,2689,2962,0,4218,15530,17145,8863,47967,9107,6818,17277,12261,16815,5181,6060,19124,4730,5117,7155,3201,2996,7156,17225,6594,1630,8948,8630,17277,13563,10551,16587,13688,16463,11933,24584,1813,27965,16612,13871,2321,17760,14934,18008,10363,16755,16721,17057,14002,4742,29792,31979,9793,16745,13974,5186,14187,8863,11218,17747,6580,7088,14133,14517,6308,7892,18203,27448,17655,17485,5181,14942,13419,14080,16936,16432,15561,17378,16788,18302,13002,17698,6043,6122,17667,18676,17962,6290,24730,21981,21729,21259,23601,25998,20941,2689,4718,5248,3617,2401
11199,12093,56074,7074,7584,3723,8276,3942,0,12093,13708,6623,47420,5317,7048,14082,6524,13378,4227,2269,15687,1493,1600,4915,1537,2110,6738,14030,4362,2970,6708,6390,14082,6353,6596,13392,9869,13268,9693,27127,5303,30508,13175,10434,3954,14323,11497,14571,8123,13318,13285,13620,10566,5657,32335,34523,7553,13550,10538,4764,10335,6623,8978,14310,6038,7321,9419,9360,6541,4290,14766,29991,14218,14048,4227,11747,9982,10643,13499,13237,12125,14183,13351,15107,6932,14503,3645,4716,14230,15239,14525,3892,27274,24524,24273,23802,26144,28541,23484,1781,7393,5714,5215,3999
963,0,63522,7500,6887,16892,12881,14925,12206,0,1850,5926,62454,10075,8462,6999,10099,1880,9216,9653,3929,10419,10600,8123,11464,13696,8378,5095,7458,15506,7597,6469,6999,11402,5664,3738,5296,3951,9343,32044,12516,26109,1677,3321,11905,3422,4384,3669,6399,2416,1426,2719,4109,13082,27936,39439,6856,3395,2722,9595,7913,5926,7061,3429,7675,8732,7503,7452,8386,8282,3865,25592,3317,3147,9216,6672,2868,3529,2597,6369,1223,3485,1853,5580,10840,5446,8435,7942,3329,4337,3027,8344,16648,17919,18885,20080,17611,18062,28401,16002,18372,18710,17421,17305
2076,1275,64449,8427,7814,17819,13808,15852,13133,1275,0,6853,63381,11001,9389,8294,11026,3175,10145,10579,5224,11345,11527,9049,12391,14623,9305,6390,8385,16433,8524,7395,8294,12329,6591,5033,6223,5246,10269,32971,13443,27404,2972,4248,12832,4717,5311,4964,7326,3711,2397,4014,5036,14009,29231,40366,7783,4690,3649,10522,8840,6853,7988,4724,8602,9658,8429,8379,9313,9209,5160,26887,4612,4442,10145,7599,3795,4456,3892,7664,2518,4780,3148,6875,11767,6740,9362,8869,4624,5632,4322,9271,17943,19214,20180,29646,18906,19357,29328,16929,19299,19637,18348,18232
5205,6099,59703,2222,961,12342,9063,11107,7661,6099,7714,0,58636,4797,6519,8088,4821,7384,6828,4375,9693,5141,5322,2845,6913,9145,6208,8036,2180,8488,2308,1191,8088,6124,1888,7398,3439,7274,3700,28226,7965,31606,7181,4440,7361,8329,5504,8577,2130,7324,7291,7627,4572,9263,33433,35621,930,7556,4544,7026,4998,0,2985,8316,5533,6788,4944,5328,6008,3005,8773,31089,8224,8054,6828,5753,3988,4649,7505,7243,6131,8189,7358,9113,5562,8509,3850,5373,8237,9245,8531,5775,28372,25622,25371,24901,27242,29639,24582,9546,14553,13980,12468,12496
61297,62191,10269,56511,59643,44975,53316,49260,46533,62191,63806,57475,0,51735,53479,63938,59458,63476,52380,48687,65785,47593,47774,54352,51411,47343,53817,63886,53791,51293,56145,55827,63938,52567,57212,63248,60349,63124,59130,59870,49079,67139,63273,60532,47383,64421,61595,64669,57560,63416,63382,63718,60663,53516,68967,67265,59613,63406,60635,53960,60848,57475,60332,64408,53241,53749,60794,61178,52969,55089,64864,66789,64316,64146,52380,61603,60080,60741,63597,63093,62222,64039,63449,64963,53146,64359,53240,54760,64328,65337,64623,55163,69310,66561,66309,65839,68180,70578,58512,45220,41989,43778,48173,45548
9338,10232,61652,2879,5723,7990,13857,8366,6144,10232,11847,4762,51187,0,10652,12221,2274,11517,9744,3238,13826,4251,4433,4632,5961,6533,10341,10697,5675,7393,4154,3582,12221,2140,6021,9937,6940,9812,4784,32359,10883,35739,11314,8573,7119,12462,9636,12710,4815,11457,11424,11760,7565,14321,37566,39754,5692,10095,8677,10092,7704,4762,5707,12449,9666,10921,6027,6129,10141,3761,12906,35222,12357,12187,9744,9886,8121,8782,11638,11376,10264,10728,11490,11182,2719,11047,7364,9506,12369,13378,12664,9617,32505,29755,29504,29034,31375,33772,28715,6726,16502,10090,10160,8944
7194,8088,56908,7126,7722,10349,6267,8311,6414,8088,9703,5553,55840,9701,0,12017,9726,9373,4034,7508,11682,6880,7266,5978,5666,6689,1315,11965,4571,8892,7223,6095,12017,11028,5290,11326,8428,11202,10287,25430,8131,28810,9170,6429,6114,10318,7492,10566,7585,9313,9279,9615,6560,5018,30638,32825,7691,11485,6532,4412,8927,5553,8411,10305,1345,270,8873,9256,2055,5987,10761,28293,10213,10043,4034,9682,5977,6638,9494,11171,8119,12117,9346,13041,10467,12437,4007,2758,10225,11234,10520,3161,25576,22827,22575,22105,24446,26844,21787,7750,11758,12096,10807,10691
6901,6163,65820,9841,6374,19233,15179,17223,14547,6163,6768,8268,64752,12416,12635,0,10095,6438,12766,11994,7109,12760,12941,10464,13805,16037,12324,1128,9799,17804,7898,8810,0,11672,8005,3412,4392,3867,6766,34342,17043,37723,5399,7053,14253,5865,3899,4193,6694,5642,6344,3401,5723,15380,39550,41737,6344,3755,5294,13143,5086,8268,5256,5852,11649,12905,5032,5416,12124,10624,4421,37206,5760,4797,12766,3803,6601,5143,5823,1940,5035,2811,6338,1359,11110,2343,10776,11490,5652,6661,7585,11892,19828,21099,31488,31017,20791,21242,30699,18300,20670,21008,19719,19603
9455,10349,61769,3486,5839,10028,13974,9261,7632,10349,11964,4879,60701,2273,10768,9599,0,11634,9860,4597,13942,5631,5812,5239,6856,7428,10457,9583,6058,8288,4271,3698,9599,2142,6138,8823,6029,8699,3050,32475,11000,35856,11431,8690,10395,12579,7329,10996,3904,11574,11540,9658,6654,14438,37683,39870,5809,8981,7291,10208,6590,4879,4593,12566,9782,11038,4914,5015,10257,4656,11224,35339,12474,12304,9860,7312,8237,6782,11754,8754,10380,9614,11607,10068,1580,9934,8586,9623,12486,13495,12780,10025,32622,29872,29620,29150,31492,33889,28832,8373,16619,12128,15502,15530
2358,1689,64646,8624,8011,18016,14006,16050,13336,1689,1418,7051,63578,11199,9586,7112,11223,0,10342,10777,2371,11543,11724,9247,12582,14820,9503,5208,8582,16630,8721,7593,7112,12526,6788,3851,6420,4064,10467,20597,13640,24551,952,4445,13035,2370,5508,3782,7523,2529,994,2832,5233,14206,26379,40564,7981,3508,3846,10720,9037,7051,8185,1871,8799,9856,8627,8576,9510,9406,3978,24034,3430,3260,10342,7796,3992,4653,2710,6482,1336,3598,268,5693,11964,5559,9559,9066,3442,3933,1065,9469,15090,16362,17328,18523,16054,16504,29525,17126,19496,19834,18545,18429
9388,10282,54366,6067,6577,6548,3703,5253,3146,10282,11897,5616,53299,8989,4159,12029,9013,11567,0,4942,13876,3604,3998,3908,2398,3413,3848,11977,2230,3961,5700,5383,12029,10316,5303,11339,8440,11215,8686,25955,3595,29336,11364,8623,2846,12512,9686,12760,7116,11507,11473,11809,8755,2764,31163,33350,6546,11497,8726,1874,8939,5616,7971,12499,3145,4428,8885,9269,3648,4644,12955,28819,12407,12237,0,9694,8171,8831,11688,11184,10313,12130,11540,13054,9754,12450,756,1823,12419,13428,12714,1003,26102,23352,23101,22630,24972,27369,22312,4715,9216,9612,8100,8128
9087,9981,58754,3388,5472,5477,7599,5943,3082,9981,11596,4511,49284,3223,8815,11970,4430,11266,5994,0,13575,1189,1370,2377,3538,4111,8504,11918,3682,4971,4234,4010,11970,5136,4499,11280,8381,11156,6005,29998,5961,33379,11063,8322,4697,12211,9385,12459,6035,11206,11173,11508,8454,7420,35206,37394,5441,11438,8426,6530,8880,4511,6876,12198,7801,9087,7317,7349,8307,2540,12654,32862,12106,11936,5994,9635,7870,8531,11387,11125,10013,12071,11239,12995,4678,12391,5411,6479,12118,13127,12413,5662,30145,27395,27144,26673,29015,31412,26355,3931,13604,7577,7896,6149
4589,3920,66876,10854,10241,20247,16236,18280,15566,3920,3648,9281,65808,13429,11816,7991,13454,2230,12573,13007,0,13773,13954,11477,14812,17050,11733,6088,10812,18860,10951,9823,7991,14756,9018,4751,7782,6315,12697,18944,15870,22899,3182,6675,15266,1353,6584,3281,9753,2738,3224,3732,7463,16436,24726,25430,10211,4409,6077,12950,9986,9281,9369,855,11030,12086,9810,9751,11740,11637,3477,22382,1855,2776,12573,8802,6223,6884,2919,7362,3566,4477,2498,6573,14195,6438,11790,11297,1908,2342,3114,11699,13437,14709,15675,16870,14401,14852,20672,19356,21726,22065,20775,20659
11777,12671,56648,4554,8161,4494,6410,4755,2099,12671,14286,7201,48301,4377,7626,14660,5585,13956,4805,1330,16264,0,387,2903,2349,2922,7318,14608,4941,3782,5232,4947,14660,5428,5457,13970,10447,13846,7170,27599,4773,30980,13753,11012,3508,14901,12075,15148,8701,13896,13862,14198,11143,6232,32807,34995,8131,14128,11115,5342,10913,7201,9556,14888,6615,7896,9997,9938,7115,3561,15344,30463,14796,14626,4805,12325,10559,11220,14076,13815,12702,14761,13929,15684,5833,15081,4223,5290,14808,15817,15102,4470,27746,24996,24745,24274,26616,29013,23956,2948,11498,6594,6913,5166
11760,12654,56632,4602,8145,4543,6394,4738,2147,12654,14269,7184,48349,4426,7613,14643,5634,13939,4789,1379,16248,48,0,2886,2333,2906,7299,14591,4924,3766,5280,6951,14643,5477,5505,13953,10430,13829,7218,27583,4756,30963,13736,10995,3492,14884,12059,15132,8684,13879,13846,14182,11127,6215,32791,34978,8114,14111,11099,5325,10896,7184,9539,14871,6596,7879,9980,9921,7099,3610,15328,30446,14779,14609,4789,12308,10543,11204,14060,13798,12686,14744,13913,15668,5881,15064,4206,5277,14792,15800,15086,4453,27729,24980,24728,24258,26599,28997,23939,2996,11482,6643,6962,5214
7886,8781,56409,2888,4271,7442,8614,5236,3570,8781,10396,3311,55341,5233,7085,10770,5572,10066,4498,2833,12374,2841,3228,0,2831,3403,6774,10718,2471,4263,3270,3077,10770,6875,3289,10080,7181,9955,5504,27653,5640,31034,9863,7122,3989,11011,8185,11258,5233,10005,9972,10308,7253,9078,32861,35049,4241,10238,7225,4846,7445,3311,6088,10997,6071,7355,6529,6470,6574,1698,11454,30517,10906,10736,4498,8435,6669,7330,10186,9924,8812,10871,10039,11794,6313,11190,3222,5471,10918,11926,11212,4205,27800,25050,24799,24328,26670,29067,24010,5368,11258,9542,10142,7586
11766,12661,53608,5408,8151,4920,4479,2847,2194,12661,14276,7191,48724,6772,7854,14650,6943,13946,4682,3725,16254,2395,2782,3129,0,1015,8192,14598,3665,1874,7275,6958,14650,7823,7163,13960,10437,13835,10261,25620,2841,29001,13743,11002,1576,14891,12065,15138,8691,13885,13852,14188,11133,5219,30828,33016,8121,14118,11105,4854,10903,7191,9545,14878,7616,8123,9987,9927,7343,4217,15334,28484,14786,14616,4682,12315,10549,11210,14066,13804,12692,14751,13919,15674,8227,15070,3017,4084,14798,15807,15092,3264,25767,23017,22766,22296,24637,27034,21977,2979,8458,6777,5852,5197
12134,13028,53954,8009,8519,3906,3933,1832,3425,13028,14643,7558,47709,8003,6910,17373,10956,14313,3739,4955,16622,3625,4012,5850,1529,0,7248,17321,5289,860,7643,7325,17373,9053,10647,16683,13784,16559,10628,24677,3186,28058,14110,11369,1494,15258,12432,15506,9058,14253,14220,14556,11501,4276,29885,32072,8488,16841,11473,3911,14283,7558,9913,15245,6672,7180,10354,10295,6399,6587,15702,27541,15153,14983,3739,15038,10917,11578,14434,16528,13060,17474,14286,18397,11697,17794,4724,5656,15165,16174,15460,4212,24823,22074,21822,21352,23694,26091,21034,1964,6102,5763,4838,4182
8002,8896,55759,8205,8801,9200,5110,7162,7493,8896,10511,6632,54691,10780,808,13096,10805,10181,5113,8587,12490,7955,8345,7057,6745,8270,0,13044,5650,7743,8302,7174,13096,12107,6369,12405,9507,12281,11366,24272,6156,27653,9978,7237,6830,11126,8300,11374,8664,10121,10088,10424,7369,5310,29480,31668,8770,12563,7341,5491,10005,6632,9489,11113,1478,1078,9952,10335,1556,7066,11570,27136,11021,10851,5113,10761,6785,7446,10302,12250,8928,13196,10154,14120,11546,13516,5086,3837,11033,12042,11328,4239,24419,21669,21418,20947,23289,25686,20629,8230,10609,10947,9658,9542
5773,5035,65662,9868,6273,19261,15021,17065,14581,5035,5641,8295,64594,10661,12477,3456,9779,5311,12608,12021,5981,12787,12969,10491,13826,16064,10747,0,9826,17646,7797,8837,3456,11356,8033,2285,3970,2739,6608,24207,14885,28161,4272,5926,14280,4737,2771,3066,6593,4514,5217,2274,4595,15222,29989,41579,6243,2628,4167,12985,4928,8295,5556,4724,10044,12747,4874,5258,10755,10651,3293,27644,4632,3670,12608,3645,5473,4016,4695,1782,3907,1684,5211,2038,10795,1903,10804,11331,4525,5534,6457,11734,18700,19972,20938,22133,19664,20114,30541,18142,20512,20850,19561,19445
6756,7650,56020,3253,3141,9627,8225,6974,4489,7650,9265,2180,54952,5675,5275,9639,5937,8935,3243,3584,11244,4350,4532,2054,3741,6431,4965,9587,0,5773,3211,2722,9639,7589,1771,8949,6050,8825,6197,27265,5251,30645,8732,5991,4188,9880,7054,10128,4627,8875,8841,9177,6123,8689,32472,34660,3110,9107,6095,3589,6549,2180,6033,9867,4261,5545,6495,6879,4765,2063,10323,30128,9775,9605,3243,7304,5539,6200,9056,8794,7682,9740,8908,10664,7130,10060,1857,3661,9787,10796,10082,3113,27411,24661,24410,23940,26281,28678,23621,6832,10870,11265,9754,9781
12193,13087,54013,8068,8578,3979,3944,1051,4476,13087,14702,7617,47782,10990,6969,17432,11015,14372,3798,5810,16681,4480,4867,5909,2468,2891,7307,17380,5348,0,7702,7384,17432,12318,10706,16742,13843,16618,10688,24736,2795,28117,14169,11428,1553,15317,12492,15565,9117,14312,14279,14615,11560,4335,29944,32131,8547,16900,11532,3970,14342,7617,9972,15304,6731,7239,10414,10354,6459,6646,15761,27600,15212,15042,3798,15097,10976,11637,14493,16587,13119,17533,14346,18457,11756,17853,4784,5715,15225,16233,15519,4271,24883,22133,21882,21411,23753,26150,21093,2037,5320,5835,4056,4255
6027,6922,58341,1420,1834,11949,10547,9295,7269,6922,8537,1594,57274,3936,7341,8911,4464,8207,6435,4160,10515,5200,5381,2915,6520,8752,7030,8859,3273,8095,0,1246,8911,5767,2711,8221,3858,8096,2738,29048,7573,32428,8004,5263,6968,9152,6326,9399,1733,8146,8113,8449,5394,11011,34256,36443,1803,8379,5366,6781,4506,1594,3149,9138,6355,7610,3590,3656,6830,2396,9595,31911,9047,8877,6435,6576,4810,5471,8327,8065,6953,9012,8180,9935,5205,9331,5159,6195,9059,10067,9353,6598,29194,26445,26193,25723,28064,30462,25405,9154,13191,13587,12075,12103
5756,6650,58070,1031,2141,11678,10275,9024,6998,6650,8266,1181,57003,3606,7070,8640,3631,7936,6164,4067,10244,5101,5282,3088,6249,8481,6759,8588,3002,7824,572,0,8640,4933,2440,7949,5051,7825,2874,28777,7301,32157,7732,4992,6697,8881,6055,9128,2306,7875,7842,8178,5123,10740,33985,36172,2111,8108,5095,6510,5550,1181,3547,8867,6084,7339,3988,4229,6559,2569,9324,31640,8776,8605,6164,6305,4539,5200,8056,7794,6682,8740,7909,9664,4372,9060,4888,5924,8788,9796,9082,6327,28923,26174,25922,25452,27793,30191,25133,8882,12920,13316,11804,11832
6901,6163,65820,9841,6374,19233,15179,17223,14553,6163,6768,8268,64752,12416,12635,0,10095,6438,12766,11994,7109,12760,12941,10464,13805,16037,12324,1128,9799,17804,7898,8810,0,11672,8005,3412,4392,3867,6766,34342,17043,37723,5399,7053,14253,5865,3899,4193,6694,5642,6344,3401,5723,15380,39550,41737,6344,3755,5294,13143,5086,8268,5256,5852,11649,12905,5032,5416,12124,10624,4421,37206,5760,4797,12766,3803,6601,5143,5823,1940,5035,2811,6338,1359,11110,2343,10776,11490,5652,6661,7585,11892,19828,21099,31488,31017,20791,21242,30699,18300,20670,21008,19719,19603
10174,11068,62488,4205,6559,9995,14693,9821,7599,11068,12683,5598,53801,2592,11487,10622,1544,12353,10582,4693,14662,5706,5887,5958,7415,7988,11177,10606,6778,8848,4990,4418,10622,0,6857,9846,7052,9721,4072,33194,11719,36575,12150,9409,11115,13298,8351,12019,4926,12293,12260,10680,7677,15157,38402,40590,6528,10004,8313,10928,7613,5598,5616,13285,10502,11757,5936,6038,10977,5216,12246,36058,13193,13023,10582,8334,8957,7804,12474,9776,11100,10637,12326,11091,579,10956,9306,10342,13205,14214,13500,10744,33341,30591,30340,29870,32211,34608,29551,8448,17338,12095,16222,10666
5257,6151,57593,2228,1615,11201,9115,11159,6520,6151,7766,655,56525,4803,6570,8140,4827,7436,5687,4381,9745,5147,5328,2851,5772,8004,6259,8088,1804,7347,2325,1197,8140,6130,0,7450,4551,7326,4071,28277,6824,31658,7233,4492,6220,8381,5555,8629,2785,7376,7342,7678,4624,9315,33485,35673,1585,7608,4595,6033,5050,655,4534,8368,5585,6840,4996,5380,6060,3011,8824,31141,8276,8106,5687,5805,4040,4701,7557,7295,6182,8241,7409,9164,5568,8561,3259,5425,8288,9297,8583,5827,28424,25674,25423,24952,27294,29691,24634,8405,12443,12839,11327,11355
4472,3734,64935,9114,5519,18506,14295,16339,13826,3734,4340,7541,63867,9907,10076,4366,9025,4010,11881,11267,4800,12033,12214,9737,13078,15310,9993,2282,9072,16919,7043,8083,4366,10602,7278,0,3216,1985,6679,23026,14130,26980,2971,5172,13526,3436,2017,2173,5839,2431,3916,1019,3841,14495,28807,40853,5489,343,3413,12258,5419,7541,4802,3423,9290,10346,5243,5184,10000,9897,2401,26463,3331,2777,11881,4235,4719,3262,2612,3556,2607,791,3910,2947,10040,2813,10049,10605,3344,4352,5156,11007,17519,18791,19757,20951,18482,18933,29814,17415,19785,20124,18834,18718
4118,5012,62195,6217,2657,14913,11555,13599,10233,5012,6627,3387,61128,7167,9011,4359,6285,6297,9141,8369,8606,9135,9317,6839,9485,11717,8700,4343,6175,14179,4014,5185,4359,7862,4381,3583,0,3459,3939,30718,10537,34098,6094,4296,9932,7242,1564,5756,3099,6237,6204,4417,2966,11755,35926,38113,2626,3741,2538,9519,2525,3387,2062,7229,8025,9280,2503,2444,8500,6999,5984,33581,7137,6130,9141,2331,3844,2387,6418,3514,5044,4374,6270,4828,7300,4694,7152,7865,7149,8158,7444,8268,30864,28115,27863,27393,29734,32132,27074,14676,17045,17384,16095,15979
4786,4048,64828,9007,5412,18399,14188,16232,13719,4048,4654,7434,63760,9800,9969,4678,8918,4324,11774,11160,6020,11926,12107,9630,12971,15203,9886,2775,8965,16812,6935,7976,4678,10495,7171,2015,3109,0,6572,33351,14023,28200,3285,5064,13419,4657,1910,4188,5732,3651,4230,2849,3734,14388,30027,40746,5382,2173,3306,12151,5312,7434,4695,4643,9183,10239,5136,5077,9893,9790,4415,27683,4551,3951,11774,4128,4612,3155,3832,4049,2875,2806,4224,3260,9933,3125,9942,10498,4564,5572,5470,10900,18739,20011,20977,30026,19702,20153,29707,17308,19678,20017,18727,18611
6345,7101,62971,2936,3735,14384,12331,14375,9704,7101,8716,3495,61904,3992,9787,7073,2625,8386,8871,5972,10694,7006,7188,4993,7824,11188,9476,7057,5708,10530,2546,2707,7073,4201,5157,6297,3503,6173,0,31494,10008,34874,8183,4821,9404,9331,4803,8470,1378,8325,8292,7132,4128,12531,36701,38889,3704,6455,4765,10294,4064,3495,2067,9317,8801,10056,2388,2489,9276,4474,8698,34357,9226,8844,8871,4786,7419,4256,8506,6228,7132,7088,8359,7543,3640,7408,7595,8641,9238,10246,9532,9043,31640,28890,28639,28169,30510,32907,27850,11589,17821,16023,14511,14539
22762,22093,61727,27824,28420,24803,20544,24121,27913,22093,21822,26251,60659,30399,22256,32715,30424,20404,22253,30702,18954,27545,27932,28527,25586,23705,22594,24261,27966,25469,30320,26793,32715,31727,25989,22925,29126,31900,30986,0,23188,10373,21356,29308,25098,19527,30372,21455,28283,20911,21398,21906,29440,20745,12200,6983,28389,22582,29412,21188,29625,26251,29109,19028,22018,22525,29571,29954,21745,29264,21650,10023,20028,20950,22253,30380,28856,29517,21092,31869,21761,22651,20672,24746,31165,24612,24785,23537,20082,20515,21288,23939,7586,4837,4585,2216,6456,8853,2927,26527,25230,26246,24431,24841
15639,16533,51720,7951,8461,4604,2585,2670,4272,16533,18148,7500,50653,10873,6157,18280,10898,17818,2982,6064,20127,4734,5121,5792,2775,4435,6495,18228,5231,2629,7585,7267,18280,12201,11554,17590,14691,17466,10570,23669,0,30939,17615,14874,2287,18763,15937,19011,9000,17758,17724,18060,15005,3509,32766,31064,8430,17748,14977,3018,15190,7500,9855,18750,5919,6427,10296,15520,5647,6529,19206,30588,18658,18488,2982,15945,14421,15082,17938,17435,16564,18381,17791,19305,11639,18701,3738,4889,18670,19679,18964,3456,24071,21321,21070,20599,22941,25338,20281,3688,6570,6617,5184,5211
25859,25190,68589,32116,32711,31193,24836,26969,31484,25190,24918,30542,67521,34691,26547,37006,34715,23500,26544,34269,22051,29003,29390,35390,27044,27996,26885,27358,29641,26897,32213,31085,37006,36018,30280,26021,33417,36192,35277,8908,30050,0,24452,33600,26556,22623,34663,24551,32574,24008,24494,25002,33731,25036,2566,7622,32680,25679,33703,25480,33916,30542,33400,22125,26309,26817,33862,34246,26036,32898,24747,388,23125,24047,26544,34671,33147,33808,24189,36161,24857,25748,23769,27843,35456,27708,29077,27828,23179,23612,24384,28231,8394,7933,7682,6834,7264,9098,10636,27956,30415,30753,31293,29348
2237,1499,63930,7908,7296,17301,13290,15334,12621,1499,1535,6335,62863,10483,8871,6160,10508,1205,9627,10061,2504,10827,11009,8531,11872,14104,8787,4256,7867,15914,8005,6877,6160,11811,6073,2899,5705,3112,9751,22172,12925,26126,0,3729,12320,2583,4793,2831,6808,1578,1111,1880,4517,13490,27954,39848,7265,2557,3131,10004,8321,6335,7517,2004,8084,9140,7958,7860,8795,8691,3026,25609,2478,2308,9627,7081,3277,3938,1758,5530,384,2646,1105,4741,11249,4607,8844,8351,2490,3499,2352,8753,16665,17937,18903,20098,17629,18079,28809,16411,18780,19119,17830,17714
3514,4408,63011,6593,3664,15921,12370,14414,11241,4408,6023,4394,61943,8176,9826,4711,7444,5693,9956,8683,8001,9448,9630,7152,10492,12724,7472,3994,6551,14995,5022,5562,4711,9021,4758,3234,2141,3110,5098,31533,11545,34913,5490,0,10940,6638,1229,5407,3528,5633,5599,4068,954,12571,36741,38928,3634,3392,1933,10334,5041,4394,4084,6625,6769,10095,4526,4581,7480,7376,5634,34396,6533,5780,9956,3517,2971,374,5813,3865,4439,4025,5666,4479,8459,4344,7529,8680,6545,7554,6839,9083,20720,28930,28678,28208,30549,22134,27889,15491,17860,18199,16910,16794
11421,12315,53241,7296,7806,4642,3220,2836,2999,12315,13931,6846,48446,10218,6201,14305,10243,13601,3026,4792,15909,3462,3849,5137,1503,2239,6539,14253,4576,1642,6930,6612,14305,11546,6818,13614,10091,13490,9916,23968,2473,27348,13397,10656,0,14545,11720,14793,8345,13540,13507,13843,10788,3552,29175,31363,7775,13772,10760,2866,10557,6846,9200,14532,5963,6470,9642,9582,5690,5874,14989,26831,14440,14270,3026,11969,10204,10865,13721,13459,12347,14405,13574,15329,10984,14725,4012,4932,14453,15461,14747,3499,24114,21364,21113,20643,22984,25381,20324,2701,8091,6499,6135,4919
4141,3404,65835,9813,9200,19205,15195,17239,14525,3404,3629,8240,64767,12388,10775,6713,12412,2211,11531,11966,1292,12732,12913,10436,13777,16009,10692,4810,9771,17819,9910,8782,6713,13715,7977,3453,6484,5017,9947,19518,14829,23472,3163,5634,14224,0,5285,3793,8712,1439,3205,2434,6422,15395,25300,26003,9170,3110,5035,11909,8688,8240,8070,744,9988,11045,8511,8452,10699,10595,3989,22955,1235,3059,11531,7503,5181,5842,1620,6084,2289,3200,2479,5295,13153,5160,10748,10255,2420,2854,3095,10657,14011,15283,16249,17444,14975,15425,21245,18315,20685,21023,19734,19618
3007,3901,63150,7128,3792,16521,12510,14554,11840,3901,5516,5555,62082,9703,8090,4705,7939,5186,8847,9281,6656,10047,10228,7751,11092,13324,8007,2801,7086,15134,5150,6097,4705,9516,5292,2041,1370,1917,5592,31672,12144,35053,4983,3186,11540,5293,0,4214,4753,4287,5093,2875,1855,12710,36880,39068,3761,2199,1427,9224,3930,5555,3716,5279,7304,8360,4157,4098,8014,7911,4441,34536,5188,4587,8847,2746,2733,1276,4468,3094,3933,2832,5160,3286,8954,3152,8063,7570,5200,6208,6333,7973,19375,29069,28818,28348,20339,20789,28029,15630,18000,18338,17049,16933
4432,3694,66126,10104,7544,19496,15485,17529,14816,3694,4299,8530,65058,12678,11066,4937,11050,4709,11822,12256,3197,13022,13204,10726,14068,16299,10982,3033,10062,18110,9067,9072,4937,12626,8268,2024,5240,4009,8703,21423,15120,25377,2930,5924,14515,2204,4042,0,7864,1730,3876,1331,5865,15686,27204,27908,7513,1854,5437,12199,7453,8530,6826,2191,10279,11335,7268,7208,10990,10886,509,24860,2099,885,11822,6170,5472,5286,1911,4307,2579,1423,3870,3519,12065,3384,11039,10546,1741,2749,5116,10948,15916,17188,18154,19348,16879,17330,23150,18606,20975,21314,20025,19909
4967,5723,61593,3106,2357,13284,10953,12997,8604,5723,7338,2117,60526,4798,8409,5793,3917,7008,7770,6141,9316,6812,6993,4516,7856,10087,8098,5777,4608,9430,1733,2876,5793,5493,3779,5017,2125,4893,1570,30116,8908,33496,6805,3443,8303,7953,4064,7190,0,6947,6914,5851,2750,11153,35324,37511,2326,5175,3387,8916,2674,2117,1317,7940,7423,8678,1758,1699,7898,4643,7417,32979,7848,7678,7770,3404,6041,2878,7128,4948,5754,5808,6981,6262,4932,6128,6494,7263,7860,8869,8154,7665,30262,27513,27261,26791,29132,31529,26472,10489,16443,14922,13410,13438
2990,2252,64683,8661,8049,18054,14043,16087,13374,2252,2857,7088,63615,11236,9623,5562,11261,2527,10380,10814,3348,11580,11761,9284,12625,14857,9540,3658,8619,16667,8758,7630,5562,12563,6825,2301,5332,3865,8795,21574,13677,25528,1488,4482,13073,1985,4134,2391,7560,0,2433,1282,5270,14243,27356,40601,8018,1958,3884,10757,7536,7088,6918,1972,8837,9893,7360,7300,9547,9444,2428,25011,1880,1908,10380,6351,4030,4691,468,4932,1137,2048,2427,4143,12002,4009,9597,9104,1892,2901,3674,9506,16067,17339,18305,19500,17031,17481,29562,17163,19533,19872,18582,18466
2443,1426,64730,8708,8095,18100,14090,16134,13420,1426,764,7135,63662,11283,9670,7196,11307,1239,10426,10861,3288,11627,11808,9331,12672,14904,9587,5292,8666,16714,8805,7677,7196,12610,6872,3935,6504,4148,10551,21513,13724,25468,1036,4529,13120,3286,5592,3866,7607,2613,0,2916,5317,14290,27295,40648,8065,3592,3930,10804,9121,7135,8269,2788,8883,9940,8711,8660,9594,9490,4062,24951,3514,3344,10426,7880,4077,4737,2794,6566,1420,3682,917,5777,12048,5643,9643,9150,3526,4849,1516,9553,16006,17278,18244,19439,16970,17421,29609,17210,19580,19918,18629,18513
3453,2715,65147,9125,6354,18517,14506,16550,13837,2715,3321,7551,64079,11700,10087,4244,9860,2991,10843,11278,3781,12043,12225,9747,13089,15321,10003,2340,9083,17131,7877,8093,4244,11436,7289,1019,4050,2819,7513,22006,14141,25961,1952,4946,13536,2417,2852,1371,6674,1412,2897,0,4675,14707,27788,41064,6323,676,4247,11220,6254,7551,5636,2404,9300,10356,6078,6018,10011,9907,1599,25444,2312,1712,10843,5069,4493,4096,1593,3614,1588,730,2891,2826,10875,2691,10060,9567,2325,3333,4137,9969,16500,17772,18737,19932,17463,17914,30026,17627,19997,20335,19046,18930
2751,3506,62590,6173,3244,15501,11950,13994,10821,3506,5121,3974,61523,8748,7135,5330,7024,4791,7892,8326,7100,9092,9273,6796,10072,12304,7052,4613,6131,14575,4602,5142,5330,8601,4337,3852,2760,3728,4678,31113,11125,34493,4588,1326,10520,5736,1848,5984,3108,4731,4697,5033,0,12150,36321,38508,3214,4010,1170,8269,4621,3974,3770,5723,6349,7405,4211,4161,7059,6956,6179,33976,5631,5461,7892,4136,2477,661,4912,4484,3538,4643,4764,5098,8039,4963,7109,6616,5643,6652,5938,7018,19819,28510,28258,27788,20782,21233,27469,15071,17440,17779,16490,16374
10205,11099,58250,7956,8551,9095,4227,6648,5523,11099,12714,6383,57182,10531,4976,12846,10555,12384,2532,7319,14693,5989,6376,6285,4775,5898,4665,12794,4947,4799,8077,6925,12846,11858,6120,12156,9257,12032,11117,24063,3983,27444,12181,9440,4458,13329,10503,13577,8415,12324,12290,12626,9572,0,29271,31458,8521,12314,9543,1726,9756,6383,9240,13316,3962,5245,9702,10086,4465,6363,13772,26927,13224,13054,2532,10511,8988,9649,12505,12001,11130,12947,12357,13871,11296,13267,3116,1603,13236,14245,13531,2059,24209,21460,21208,20738,23080,25477,20420,5858,13100,10422,8989,9017
28098,27428,70828,34354,34950,33431,27074,29207,33723,27428,27157,32781,69760,36929,28786,39245,36954,25739,28782,36507,24289,31241,31628,37628,29282,30235,29124,29596,31879,29136,34451,33323,39245,38256,32519,28260,35656,38430,37515,11147,32289,2239,26691,35838,28794,24862,36902,26790,34813,26246,26733,27241,35970,27275,0,9861,34919,27917,35942,27718,36155,32781,35639,24363,28548,29055,36101,36484,28275,35137,26985,2627,25363,26285,28782,36910,35386,36047,26427,38399,27096,27986,26007,30082,37695,29947,31315,30067,25417,25850,26623,30469,10632,10172,9920,9073,9503,11337,12874,30195,32653,32992,33531,31587
40126,28489,69267,37878,38473,32343,30598,31661,35453,28489,28217,36304,68199,40453,32309,42768,40477,26800,32306,38241,25350,35085,35472,36067,33126,33506,32647,42716,35506,33009,37860,36846,42768,41780,36042,29321,39179,41954,41039,6893,30728,7999,27751,39362,32638,25922,40425,27850,38336,27307,27794,28302,39493,30798,9826,0,38442,28978,39465,31242,39678,36304,39162,25424,32071,32579,39624,40008,31798,36804,28046,7649,26424,27346,32306,40433,38909,39570,27488,41923,28157,29047,27068,43792,41218,43189,34839,33590,26478,26911,27684,33993,13982,11232,10981,8612,12852,15249,9323,34067,32770,33786,31970,32381
6470,7364,58670,2792,31,12277,10875,9623,7597,7364,8980,1110,57602,4532,7784,6745,4716,8650,6763,5039,10958,5805,5986,3509,6849,9081,7473,6729,3601,8423,1378,2562,6745,6019,3154,5969,2946,5845,2770,29491,7901,32871,8446,5705,7296,9595,4475,8142,1200,8589,8556,6803,3571,11339,34699,36886,0,6127,4208,7109,3412,1110,2055,9581,6798,8053,2496,2437,7273,2880,8369,32354,9489,9319,6763,4457,5253,3699,8770,5900,7396,6760,8623,7214,5457,7080,5487,6638,9502,10510,9796,6626,29637,26888,26636,26166,28507,30905,25847,9482,13520,13915,12404,12431
4130,3392,65093,9272,5677,18665,14453,16497,13984,3392,3997,7699,64026,10065,10234,4524,9183,3667,12039,11425,4457,12191,12372,9895,13236,15468,10151,2620,9230,17077,7201,8241,4524,10760,7436,343,3374,2143,6837,22683,14288,26637,2628,5330,13684,3094,2175,1937,5997,2088,3573,676,3999,14653,28465,41011,5647,0,3571,12416,5577,7699,4960,3081,9448,10504,5401,5342,10158,10055,2165,26120,2989,2389,12039,4393,4877,3420,2269,3894,2264,921,3567,3106,10198,2971,10207,10763,3001,4010,4814,11165,17176,18448,19414,20609,18140,18590,29972,17574,19943,20282,18992,18877
2156,2336,62461,6439,3876,15831,11820,13864,11151,2336,3951,4865,61393,9013,7401,4923,9038,3621,8157,8591,5929,9357,9539,7061,10403,12635,7317,4206,6397,14445,5234,5407,4923,10341,4603,3445,2353,3321,5310,30983,11455,34364,3418,2496,10850,4566,1441,4813,3739,3560,3527,3863,1166,12021,36191,38378,3845,4539,0,8534,5253,4865,4296,4553,6614,7670,4737,4792,7325,7221,5009,33847,4461,4291,8157,3729,2044,586,3741,4077,2367,4629,3594,4691,9779,4556,7374,6881,4473,5482,4767,7283,18648,28380,28128,27658,19612,20062,27340,14941,17311,17649,16360,16244
12557,13452,54246,8396,10904,7369,2034,4267,4795,13452,15067,8735,49868,11318,4736,15199,11343,14737,1888,6509,17045,5179,5566,6237,3220,4173,5074,15147,3919,3074,8030,7712,15199,12645,8473,14509,11610,14385,13470,22503,2257,25883,14534,11793,2732,15682,12856,15929,10767,14676,14643,14979,11924,1104,27711,29898,10873,14667,11896,0,12109,8735,11593,15668,4498,5006,12055,12439,4225,6974,16125,25366,15577,15407,1888,12864,11340,12001,14857,14354,13483,15300,14710,16223,12084,15620,2643,2484,15589,16597,15883,2064,22649,19900,19648,19178,21519,23917,18860,4133,9096,9007,7509,6351
9079,9973,63414,5922,4469,15396,12774,14818,10716,9973,11589,5862,62347,7615,10230,5161,6733,11259,10360,8158,10284,8924,9105,6628,9968,12199,9919,5109,7394,15398,4497,6404,5161,8310,5600,5668,3279,5544,3286,31937,11020,35317,11055,8314,10415,8920,4174,7841,3202,7915,11165,6503,4862,12974,37145,39332,4438,5826,5148,10738,0,5862,1563,8907,9244,10499,1757,1723,9719,5999,8069,34800,8815,8215,10360,2826,7862,4990,8095,4316,10005,6459,11232,6186,7748,6779,8371,9084,8827,9836,12405,9486,32083,29334,29082,28612,30953,33351,28293,15895,18264,18603,17314,17198
5205,6099,59703,2222,961,12342,9063,11107,7661,6099,7714,0,58636,4797,6519,8088,4821,7384,6828,4375,9693,5141,5322,2845,6913,9145,6208,8036,2180,8488,2308,1191,8088,6124,1888,7398,3439,7274,3700,28226,7965,31606,7181,4440,7361,8329,5504,8577,2130,7324,7291,7627,4572,9263,33433,35621,930,7556,4544,7026,4998,0,2985,8316,5533,6788,4944,5328,6008,3005,8773,31089,8224,8054,6828,5753,3988,4649,7505,7243,6131,8189,7358,9113,5562,8509,3850,5373,8237,9245,8531,5775,28372,25622,25371,24901,27242,29639,24582,9546,14553,13980,12468,12496
5778,6534,62622,4015,3168,14095,11982,14026,9415,6534,8149,2928,61555,5707,9438,5031,4850,7819,8581,6857,9426,7623,7804,5327,8667,10898,9127,5571,5419,10241,2920,3785,5031,6426,4808,4811,2543,4686,2170,31145,9719,34525,7616,4254,9114,8062,3316,6984,1639,7057,7725,5645,3561,12182,36353,38540,3137,4969,4198,9946,1591,2928,0,8049,8452,9707,675,422,8927,5552,7211,34008,7957,7357,8581,2696,7070,3689,7238,4186,6565,5602,7792,6056,5865,5921,7305,8292,7969,8978,8965,8694,31291,28542,28290,27820,30161,32559,27501,11300,17472,15733,14221,14249
4155,3486,65753,9732,9119,19124,15113,17157,14444,3486,3214,8158,64686,12306,10694,6632,12331,1797,11450,11884,878,12650,12832,10354,13696,15927,10610,4728,9690,17738,9829,8700,6632,13634,7896,3371,6402,4935,9866,19103,14748,23058,2749,5552,14143,622,5204,3379,8631,1358,2791,2352,6340,15313,24885,25589,9088,3029,4954,11827,8606,8158,7989,0,9907,10963,8430,8371,10618,10514,3574,22541,1000,2874,11450,7422,5100,5761,1539,6002,2207,3118,2065,5213,13072,5079,10667,10174,2006,2439,2681,10576,13597,14869,15834,17029,14560,15011,20831,18234,20603,20942,19653,19537
6974,7868,56478,6907,7502,9920,4534,7882,6195,7868,9483,5333,55411,9481,1140,11797,9506,9153,3815,7288,11462,6660,7047,5758,5446,6469,1478,11745,4351,8462,7004,5875,11797,10809,5071,11107,8208,10983,10068,23696,5580,27077,8950,6209,5894,10098,7272,10346,7365,9093,9060,9395,6341,4734,28904,31092,7471,11265,6313,4192,8707,5333,8191,10085,0,1409,8653,9037,980,5767,10541,26560,9993,9823,3815,9462,5757,6418,9274,10952,7900,11898,9126,12821,10247,12218,3787,2538,10005,11014,10300,2941,23843,21093,20842,20371,22713,25110,20053,7654,11328,11667,10377,10261
6924,7818,56638,6857,7452,10080,5998,8042,6145,7818,9433,5283,55570,9432,1129,11747,9456,9103,3765,7239,11412,6610,6997,5708,5397,6419,1046,11695,4301,8622,6954,5825,11747,10759,5021,11057,8158,10933,10018,25160,7861,28541,8900,6159,5844,10048,7223,10296,7315,9043,9010,9346,6291,4748,30368,32556,7421,11215,6263,4142,8657,5283,8141,10035,1075,0,8603,8987,1786,5717,10492,28024,9943,9773,3765,9412,5707,6368,9224,10902,7850,11848,9077,12771,10197,12168,3737,2489,9956,10964,10250,2891,25307,22557,22306,21836,24177,26574,21517,7481,11488,11826,10537,10421
8726,6968,63061,4252,3602,14529,12421,14465,9849,6968,8583,3363,61993,5944,9877,4808,5063,8253,9016,7288,9860,8322,8503,5761,9101,11333,9566,4756,5853,10675,3241,4022,4808,6639,5247,5245,2926,5121,1733,31583,10153,34964,8050,4688,9549,8497,3751,7418,1959,7491,8160,6079,3996,12621,36791,38979,3572,5403,4632,10384,1368,3363,1090,8484,8891,10146,0,856,9366,5790,7646,34447,8392,7792,9016,2473,7509,4123,7672,3963,7000,6036,8226,5833,6078,6356,7740,8731,8404,9413,9400,9133,31730,28980,28729,28259,30600,32997,27940,11734,17911,16168,16960,16844
5356,6112,62200,4188,2746,13673,11560,13604,8993,6112,7727,2506,61133,5928,9016,5165,5322,7397,8159,6435,9004,7201,7382,4905,8245,10476,8705,5149,4997,9819,2774,4061,5165,6898,4386,4389,2121,4264,2647,30723,9297,34103,7194,3832,8692,7640,2894,6562,1280,6635,7303,5223,3139,11760,35931,38118,2715,4547,3776,9524,1906,2506,472,7627,8030,9285,913,0,8505,4276,6789,33586,7535,6935,8159,2877,6648,3267,6816,4319,6143,5180,7370,5634,6337,5499,6883,7870,7548,8556,8543,8273,30869,28120,27868,27398,29739,32137,27079,10878,17050,15311,13799,13827
9341,10236,54646,7093,7688,8088,3997,6050,6381,10236,11851,5519,53578,9667,2905,11983,9692,11521,4001,7474,13829,6846,7233,5944,5632,7158,2739,11931,4537,6630,7190,6061,11983,10995,5257,11293,8394,11169,10254,23160,5044,26540,11318,8577,5717,12466,9640,12713,7551,11460,11427,11763,8708,4197,28368,30555,7657,11451,8680,4378,8893,5519,8377,12452,2667,3174,8839,9223,0,5953,12909,26023,12361,12191,4001,9648,8124,8785,11641,11138,10267,12084,11494,13007,10433,12404,3973,2725,12373,13381,12667,3127,23306,20557,20305,19835,22176,24574,19516,7118,9496,9834,8545,8429
6798,7692,57164,1301,3183,7713,9369,8118,5317,7692,9308,2223,56096,3812,6706,9682,3985,8978,5257,2531,11286,3461,3643,1834,4664,5237,6395,9630,2092,6097,1724,1439,9682,5288,3482,8991,6093,8867,3918,29819,6395,33199,8774,6034,5790,9923,7097,10170,3948,8917,8884,9220,6165,9833,35027,37214,3153,9150,6137,5603,6592,2223,4587,9909,7126,6975,5029,4969,6195,0,10366,32682,9818,9647,5257,7347,5581,6242,9098,8836,7724,9782,8951,10706,4726,10102,3781,5092,9830,10838,10124,5494,29965,27216,26964,26494,28835,31233,26175,6203,12014,12409,10898,10925
3923,3185,65617,9595,8982,18987,14976,17020,14307,3185,3790,8021,64549,12169,10557,5991,12194,4200,11313,11747,2688,12513,12695,10217,13559,15791,10473,4087,9553,17601,9692,8563,5991,13497,7759,2730,5761,4530,9224,20914,14611,24868,2421,5416,14006,1695,4563,913,8385,1221,3367,1711,6204,15177,26695,27399,8951,2387,4817,11690,7965,8021,7347,1682,9770,10826,7789,7729,10481,10377,0,24351,1590,376,11313,6780,4963,5624,1402,5361,2070,2477,3361,4572,12935,4438,10530,10037,1232,2240,4607,10439,15407,16679,17645,18840,16370,16821,22641,18097,20467,20805,19516,19400
25738,25069,68712,31995,32590,31072,24715,26848,31363,25069,24797,30421,67644,34570,26426,36885,34594,23380,26423,34148,21930,28882,29269,35512,26923,27875,26764,27237,29520,26777,32092,30964,36885,35897,30159,25901,33296,36071,35156,8787,30173,731,24331,33479,26435,22502,34542,24430,32453,23887,24373,24881,33610,24915,2559,7745,32560,25558,33582,25359,33795,30421,33279,22004,26188,26696,33741,34125,25916,32777,24626,0,23004,23926,26423,34550,33026,33687,24068,36040,24737,25627,23648,27722,35335,27587,28956,27707,23058,23491,24264,28110,8273,7812,7561,6713,7143,8977,10515,27835,30294,30632,31415,29227
3944,3206,65638,9616,9003,19008,14997,17041,14328,3206,3811,8042,64570,12190,10578,6516,12215,2797,11334,11768,1879,12534,12716,10238,13580,15811,10494,4612,9574,17622,9713,8584,6516,13518,7780,3255,6286,4819,9750,20104,14632,24058,2442,5436,14027,1364,5088,3345,8515,1242,3388,2236,6224,15198,25886,26589,8972,2913,4838,11711,8490,8042,7873,1001,9791,10847,8314,8255,10502,10398,3382,23541,0,2862,11334,7306,4984,5645,1423,5886,2091,3002,3065,5098,12956,4963,10551,10058,2846,3440,3681,10460,14597,15869,16835,18030,15561,16011,21831,18118,20487,20826,19537,19421
3547,2809,65240,9218,8606,18611,14600,16644,13931,2809,3414,7645,64173,11793,10181,6098,11818,3823,10937,11371,2312,12137,12319,9841,13182,15414,10097,4195,9177,17224,9315,8187,6098,13121,7383,2858,5889,4422,9352,20537,14235,24492,2045,5039,13630,1319,4691,1388,8118,845,2991,1839,5827,14800,26319,27023,8575,2516,4441,11314,8093,7645,7476,1306,9394,10450,7917,7858,10105,10001,1584,23975,1214,0,10937,6909,4587,5248,1026,5468,1694,2584,2984,4680,12559,4545,10154,9661,855,1864,4231,10063,15031,16302,17268,18463,15994,16445,22265,17721,20090,20429,19140,19024
9388,10282,54366,6067,6577,6548,3703,5253,3146,10282,11897,5616,53299,8989,4159,12029,9013,11567,0,4942,13876,3612,3998,3908,2398,3421,3848,11977,2230,3961,5700,5383,12029,10316,5303,11339,8440,11215,8686,25955,3595,29336,11364,8623,2846,12512,9686,12760,7116,11507,11473,11809,8755,2764,31163,33350,6546,11497,8726,1874,8939,5616,7971,12499,3145,4428,8885,9269,3648,4644,12955,28819,12407,12237,0,9694,8171,8832,11688,11184,10313,12130,11540,13054,9754,12450,756,1823,12419,13428,12714,1003,26102,23352,23101,22630,24972,27369,22312,4715,9216,9612,8100,8128
5352,6247,62982,7003,3641,16395,12341,14385,11715,6247,7862,5430,61914,9578,9797,3866,7257,7532,9928,9156,8908,9922,10103,7626,10967,13199,9486,3814,6961,14966,4999,5972,3866,8834,5167,4292,1984,4168,3928,31504,14205,34885,7329,7882,11415,7544,2798,6465,4154,6539,7438,5127,4351,12542,36712,38899,3611,4450,3772,10305,2248,5430,2418,7531,8811,10067,2194,2578,9286,7786,6693,34368,7439,6839,9928,0,7430,3621,6720,3021,6278,5083,7505,4891,8272,5874,7938,8652,7451,8460,8678,9054,31651,28901,28650,28179,30521,32918,27861,15462,17832,18170,16881,16765
2021,2915,61259,5237,3667,14630,10619,12663,9949,2915,4530,3664,60191,7812,6199,5784,7837,4200,6956,7390,6508,8156,8337,5860,9201,11433,6116,5067,5195,13243,5025,4206,5784,9139,3401,4307,3214,4182,5101,29782,10253,33162,3997,1239,9649,5145,2302,5393,3531,4140,4106,4442,1204,10819,34989,37177,3637,4465,1840,7333,5044,3664,4193,5132,5413,6469,4634,4584,6123,6020,5588,32645,5040,4870,6956,4590,0,1154,4320,4938,2946,5208,4173,5552,8578,5417,6173,5680,5052,6061,5346,6082,19227,27178,26927,26457,28798,20641,26138,13739,16109,16448,15158,15042
2171,2927,62314,6293,3372,15685,11674,13718,11005,2927,4542,4719,61247,8867,7255,4750,7152,4212,8011,8445,6520,9211,9393,6915,10256,12488,7171,4033,6251,14298,4729,5261,4750,10195,4457,3273,2181,3149,4805,30837,11309,34217,4009,1276,10704,5157,1268,5404,3235,4151,4118,4454,661,11874,36045,38232,3341,3431,591,8388,4749,4719,3897,5144,6468,7524,4339,4288,7179,7075,5600,33700,5052,4882,8011,3557,1898,0,4332,3905,2958,4064,4185,4518,9633,4384,7228,6735,5064,6073,5358,7137,19239,28234,27982,27512,20203,20653,27193,14795,17164,17503,16214,16098
2867,2129,64561,8539,7926,17931,13920,15964,13251,2129,2735,6965,63493,11114,9501,5439,11138,2405,10257,10692,3226,11457,11639,9161,12503,14735,9417,3536,8497,16545,8636,7507,5439,12441,6703,2179,5209,3743,8673,21451,13555,25406,1366,4360,12950,1862,4011,2268,7438,857,2311,1159,5148,14121,27233,40478,7895,1836,3761,10634,7413,6965,6796,1849,8714,9770,7237,7178,9425,9321,2305,24889,1757,1785,10257,6229,3907,4568,0,4809,1015,1925,2305,4021,11879,3886,9474,8981,1769,2778,3551,9383,15945,17216,18182,19377,16908,17359,29440,17041,19411,19749,18460,18344
5597,6491,64719,8741,5274,18133,14079,16123,13453,6491,8106,7167,63651,11315,11534,1723,8994,7776,11665,10893,7653,11659,11841,9363,12704,14936,11224,1671,8699,16703,6797,7709,1723,10571,6905,4537,3291,4413,5665,33241,15942,36622,7573,5776,13152,6409,3043,4737,5594,6186,7683,3945,4445,14279,38449,40637,5243,4695,4017,12042,3985,7167,4155,6395,10549,11804,3932,4315,11024,9523,4965,36105,6304,5341,11665,2702,5323,3866,6366,0,6523,3355,7749,2748,10009,3731,9676,10389,6196,7205,8923,10791,20372,30638,30387,29917,32258,21786,29598,17199,19569,19907,18618,18502
2864,2127,64558,8536,7923,17928,13918,15962,13248,2127,2703,6963,63490,11111,9498,5776,11135,2373,10254,10689,3562,11455,11636,9159,12500,14732,9415,3872,8494,16542,8633,7505,5776,12438,6700,2515,5546,4315,9009,21788,13552,25742,1334,4357,12947,2199,4347,2446,8170,1193,2279,1496,5145,14118,27570,40475,7893,2172,3758,10632,7750,6963,7132,2185,8711,9768,7574,7514,9422,9318,2642,25225,2094,1924,10254,6565,3904,4565,1374,5146,0,2262,2273,4357,11876,4223,9471,8978,2106,3114,3519,9381,16281,17553,18519,19714,17245,17695,23515,17038,19408,19746,18457,18341
4247,3509,65536,9715,6120,19108,14896,16940,14427,3509,4114,8142,64469,10508,10677,3743,9626,3784,12482,11868,4575,12634,12815,10338,13679,15911,10594,1839,9673,17520,7644,8684,3743,11203,7879,601,3817,2586,7280,22800,14731,26755,2745,5773,14127,3211,2618,1805,6440,2206,3691,710,4442,15096,28582,41454,6090,944,4014,12859,6021,8142,5403,3198,9891,10947,5844,5785,10601,10498,2033,26238,3106,2409,12482,4836,5320,3863,2387,3113,2381,0,3684,2324,10641,2189,10651,11206,3118,4127,4931,11608,17294,18565,19531,20726,18257,18708,30415,18017,20386,20725,19436,19320
2090,1421,64378,8356,7743,17748,13738,15782,13068,1421,1150,6783,63310,10931,9318,6844,10955,887,10074,10509,2936,11275,11456,8979,12320,14552,9235,4940,8314,16362,8453,7325,6844,12258,6520,3583,6152,3796,10199,21161,13372,25116,684,4177,12767,2934,5240,3514,7255,2261,726,2564,4965,13938,26943,40295,7712,3240,3578,10451,8769,6783,7917,2435,8531,9588,8359,8308,9242,9138,3710,24599,3162,2991,10074,7528,3724,4385,2442,6214,1068,3330,0,5425,11696,5290,9291,8798,3174,4497,2033,9200,15654,16926,17892,19087,16618,17068,29257,16858,19228,19566,18277,18161
6690,5953,66594,10615,7191,20008,15954,17998,15328,5953,6558,9042,65526,13190,13409,1162,10697,6228,13540,12768,6899,13534,13716,11238,14579,16811,13098,1902,10573,18578,8714,9584,1162,12273,8780,3202,4887,3656,7540,35116,17817,29078,5189,6843,15027,5654,3689,3983,7511,5431,6134,3191,5512,16154,30906,42512,7160,3491,5084,13917,5860,9042,6030,5641,12424,13679,5806,6190,12899,11398,4210,28561,5549,4587,13540,4577,6391,4933,5612,2714,4825,2601,6128,0,11712,1103,11551,12264,5442,6451,7374,12666,19617,20889,21855,31791,20581,21031,31473,19074,21444,21782,20493,20377
9699,10594,62014,3731,6084,9520,14219,9346,7125,10594,12209,5124,53327,1994,11013,10147,1070,11879,10107,4218,14187,5232,5413,5484,6941,7514,10702,10131,6303,8374,4516,3943,10147,1864,6383,9371,6577,9247,3598,32720,11245,36101,11676,8935,10640,12824,7877,11544,4452,11818,11785,10206,7202,14683,37928,40115,6054,9529,7839,10453,7138,5124,5141,12811,10027,11283,5462,5563,10502,4742,11772,35584,12719,12549,10107,7860,8482,7330,11999,9302,10625,10162,11852,10616,0,10482,8831,9867,12731,13740,13025,10270,32866,30117,29865,29395,31737,34134,29077,7974,16863,11620,15747,10192
5684,4946,65600,9779,6184,19171,14960,17004,14491,4946,5551,8206,64532,10572,10741,2237,9690,5221,12546,11932,5892,12698,12879,10402,13743,15975,10658,1512,9737,17584,7707,8748,2237,11267,7943,2195,3880,2650,7344,24117,14795,28072,4182,5836,14190,4648,2682,2976,6504,4425,5127,2184,4506,15160,29899,41518,6153,2484,4077,12923,5932,8206,5467,4635,9954,11011,5908,6261,10665,10561,3204,27555,4543,3580,12546,4648,5384,3926,4606,2786,3818,1594,5121,1191,10705,0,10714,11270,4435,5444,6368,11672,18611,19882,20848,22043,19574,20025,30479,18080,20450,20788,19499,19383
9008,9902,57053,6832,7355,7313,5549,8457,3912,9902,11517,5186,55985,9754,3779,11650,9779,11187,1805,5707,13496,4377,4764,4673,3163,4186,3468,11598,2144,4428,6466,6148,11650,11082,4924,10960,8061,10835,9920,25576,3894,28956,10984,8243,3611,12132,9307,12380,7881,11127,11094,11430,8375,3232,30783,32971,7324,11118,8347,2341,8560,5186,8044,12119,2765,4049,8506,8889,3268,5410,12576,28439,12027,11857,1805,9315,7791,8452,11308,10804,9934,11751,11161,12674,10520,12070,0,2165,12040,13048,12334,1090,25722,22972,22721,22251,24592,26989,21932,5480,11903,10377,8866,8893
9320,10215,54983,7389,7667,8830,3403,5825,4469,10215,11830,5498,53916,9646,4091,11962,9671,11500,1878,6264,13808,4934,5321,5230,3721,4743,3781,11910,3536,4535,7023,6040,11962,10974,5236,11272,8373,11148,10233,23240,4404,26620,11297,8556,4168,12445,9619,12692,7530,11439,11406,11742,8687,2279,28448,30635,7636,11430,8659,1673,8872,5498,8356,12431,3077,4361,8818,9202,3581,5967,12888,26103,12340,12170,1878,9627,8103,8764,11620,11117,10246,12063,11473,12986,10412,12383,2061,0,12352,13360,12646,1004,23386,20637,20385,19915,22256,24654,19597,5594,9833,9599,8166,8194
4055,3317,65748,9727,9114,19119,15108,17152,14439,3317,3922,8153,64681,12301,10689,6606,12326,3422,11445,11879,1910,12645,12827,10349,13690,15922,10605,4703,9685,17732,9824,8695,6606,13629,7891,3366,6397,4930,9860,20136,14743,24090,2553,5547,14138,1827,5199,1896,8626,1353,3499,2347,6335,15308,25918,26621,9083,3024,4949,11822,8601,8153,7984,1814,9902,10958,8425,8366,10613,10509,2092,23573,1722,1391,11445,7417,5095,5756,1534,5977,2202,3092,3690,5188,13067,5053,10662,10169,0,1462,4306,10571,14629,15901,16867,18062,15592,16043,21863,18229,20598,20937,19648,19532
5052,4314,66746,10724,10111,20116,16105,18149,15436,4314,4919,9150,65678,13298,11686,7603,13323,3830,12442,12876,2318,13642,13824,11346,14688,16920,11602,5700,10682,18730,10821,9692,7603,14626,8888,4363,7394,5927,10858,20543,15740,24498,3550,6544,15135,2824,6196,2893,9623,2350,4496,3344,7332,16306,26325,27029,10080,4021,5946,12819,9598,9150,8981,2454,10899,11955,9422,9363,11610,11506,3089,23981,2719,2388,12442,8414,6092,6753,2531,6974,3199,4090,4098,6185,14064,6050,11659,11166,1520,0,4714,11568,15037,16308,17274,18469,16000,16451,22271,19226,21596,21934,20645,20529
3176,2375,65773,9751,9138,19143,15132,17176,14463,2375,1100,8177,64705,12325,10713,8238,12350,1355,11469,11903,3197,12669,12851,10373,13715,15947,10629,6335,9709,17757,9848,8719,8238,13653,7915,4978,7547,5191,11593,21423,14767,25377,2078,5572,14162,3195,6635,4909,8650,3656,1413,3959,6360,15333,27205,41690,9107,4635,4973,11846,10164,8177,9312,2697,9926,10982,9753,9703,10637,10533,5105,24860,3697,4386,11469,8923,5119,5780,3837,7609,2463,4724,1142,6820,13091,6685,10686,10193,4569,4758,0,10595,15916,17188,18154,19349,16880,17330,30652,18253,20623,20961,19672,19556
9462,10356,54199,6845,7808,7851,3298,4749,3924,10356,11971,5640,50350,9767,4233,12103,9791,11641,898,5720,13950,4390,4777,4686,3176,4654,3922,12051,2992,3555,6478,6161,12103,11094,5377,11413,8514,11289,9464,23647,3022,27028,11438,8697,3214,12586,9760,12834,7894,11581,11547,11883,8829,2095,28855,31043,7778,11571,8800,1205,9013,5640,8497,12573,3219,4502,8959,9343,3722,5422,13029,26511,12481,12311,898,9768,8245,8906,11762,11258,10387,12204,11614,13128,10533,12524,1517,1958,12493,13502,12788,0,23794,21044,20793,20322,22664,25061,20004,4614,9049,9489,8574,6832
17427,16758,70886,30411,31006,29488,23131,25264,29780,16758,16487,28838,69818,32986,24842,20830,33010,15069,24839,32564,13619,27298,27685,31034,25339,26291,25180,18926,27936,25193,30508,29380,20830,34313,28575,17590,20621,19154,33572,7203,24177,11566,16021,19514,24851,14192,19423,16120,30870,15576,16063,16571,20302,23331,13393,13689,30976,17247,18915,23775,32211,28838,31695,13693,24604,25112,32157,32541,24332,31193,16315,11049,14693,15615,24839,21640,19061,19722,15757,20200,16426,17316,15337,19411,33751,19277,27372,26123,14747,15180,15953,26526,0,2968,3934,5129,3068,3519,8931,26251,28710,29048,27759,27643
17926,17257,69874,29399,29995,28476,22119,24252,28768,17257,16985,27826,68806,31974,23831,21328,31999,15567,23828,31552,14118,26286,26673,30022,24327,25280,24169,19425,26925,24181,29496,28368,21328,33301,27564,18088,21119,19652,32560,6192,23166,12064,16519,20012,23839,14690,19921,16618,29858,16075,16561,17069,20800,22320,13891,12677,29964,17746,19414,22763,31200,27826,30684,14192,23593,24100,31146,31529,23320,30182,16814,11547,15192,16113,23828,22139,19560,20221,16256,20699,16924,17815,15836,19910,32740,19775,26360,25112,15246,15679,16451,25514,2603,0,2420,4118,3566,4017,7919,25240,27699,28037,26748,26632
19341,18672,68336,27862,28457,26938,20581,22714,27230,18672,18400,26288,67269,30436,22293,22743,30461,16982,22290,30014,15532,24749,25136,28484,22790,23742,22631,20839,25387,22643,27959,26830,22743,31764,26026,19503,29163,21067,31023,4654,21628,9285,17934,21427,22301,16105,21336,18033,28320,17490,17976,18484,29477,20782,11113,11139,28426,19161,20828,21226,29662,26288,29146,15607,22055,22563,29608,29992,21782,28644,18229,8768,16607,17528,22290,30417,20975,21636,17671,22113,18339,19229,17250,21325,31202,21190,24823,23574,16660,17094,17866,23976,4018,1415,0,2580,4981,5432,6381,23702,26161,26499,25210,25094
20689,20020,67421,26946,27541,26023,19666,21799,26314,20020,19748,25372,66353,29521,21377,31836,29545,18331,21374,29099,16881,23833,24220,27568,21874,22826,21715,22188,24471,21728,27043,25915,31836,30848,25110,20852,28247,31022,30107,2216,20712,8747,19282,28430,21386,17453,29493,19381,27404,18838,19324,19832,28561,19866,10574,8702,27511,20509,28533,20310,28746,25372,28230,16955,21139,21647,28692,29076,20867,27728,19577,8230,17955,18877,21374,29501,27977,28638,19019,30991,19688,20578,18599,22673,30286,22538,23907,22658,18009,18442,19215,23061,5513,2763,2512,0,4383,6780,4225,22786,25245,25583,24294,24178
18557,17888,69955,29480,30075,28557,22200,24333,28848,17888,17617,27907,68887,32055,23911,21960,32079,16199,23908,31633,14749,26367,26754,30103,24408,25360,24249,20056,27005,24262,29577,28449,21960,33382,27644,18720,30781,20284,32641,6272,23246,8403,17151,20644,23920,15322,20552,17250,29938,16706,17193,17701,21432,22400,10230,12758,30045,18377,20045,22844,31280,27907,30764,14823,23673,24181,31226,31610,23401,30262,17445,7886,15823,16745,23908,32035,20191,20852,16887,21330,17556,18446,16467,20541,32820,20407,26441,25192,15877,16310,17083,25595,1130,5297,5046,4198,0,2091,8000,25320,27779,28117,26828,26712
18676,18007,71656,31181,31776,30258,23901,26034,30550,18007,17735,29608,70588,33756,25613,22078,33780,16317,25609,33334,14867,28068,28455,31804,26109,27061,25951,20174,28706,25963,31278,30150,22078,35083,29345,18838,21869,20402,34342,7973,24948,9685,17269,20762,25621,15440,20671,17368,31640,16825,17311,17819,21550,24101,11513,14459,31746,18496,20163,24545,32981,29608,32465,14942,25375,25882,32927,33311,25102,31964,17564,9168,15942,16863,25609,22889,20310,20971,17006,21448,17674,18564,16585,20660,34521,20525,28142,26894,15995,16429,17201,27296,1248,4216,5182,5899,1701,0,9701,27022,29480,29819,28530,28414
27967,28861,61017,25718,26313,24795,18438,20571,25087,28861,23383,24145,59949,28293,20149,30608,28317,21966,20146,27871,20516,22605,22992,26341,20646,21598,20487,30556,23243,20500,25815,24687,30608,29620,23882,29918,27019,29794,28879,3482,19484,12382,22917,27202,20158,21088,28265,23016,26177,22473,22959,23467,27334,18638,14209,9967,26283,30076,27305,19082,27518,24145,27002,20590,19912,20419,27464,27848,19639,26501,23212,11865,21590,22512,20146,28273,26750,27411,22654,29763,28892,24213,22234,31633,29058,31029,22679,21431,21644,22077,22850,21833,9148,6398,6147,4235,8018,10415,0,21558,24017,24356,23066,22950
15691,16585,54923,8978,9488,1941,5182,2599,1870,16585,18200,8528,45956,7017,7870,18333,8225,17870,4708,3970,20179,3119,3301,6820,2731,2414,8208,18281,6258,1627,8612,8295,18333,8053,11606,17642,14744,17518,11598,25637,4155,29017,17667,14926,2464,18815,15989,19063,10028,17810,17777,18112,15058,5235,30844,33032,9458,17801,15030,4870,15243,8528,10882,18802,7632,8139,11324,11264,7359,6201,19258,28500,18710,18540,4708,15998,14474,15135,17991,17487,16617,18433,17843,19357,8632,18753,5694,6615,18722,19731,19017,5181,25783,23033,22782,22312,24653,27050,21993,0,5612,4010,3434,2218
18178,19073,46510,13393,16525,5166,10197,6142,10619,19073,20688,14356,45442,16315,10361,20820,16339,20358,9262,13408,22666,10252,10639,11234,8293,9029,10699,20768,10673,8175,13026,12709,20820,17642,14094,20130,17231,20006,16012,28127,5961,31507,20155,17414,7805,21303,18477,21550,14442,20297,20264,20600,17545,10398,33335,35522,16494,20288,17517,10841,17730,14356,17214,21289,10123,10631,17676,18060,9850,11970,21746,30990,21198,21028,9262,18485,16961,17622,20478,19975,19104,20921,20331,21844,17081,21241,10121,11642,21210,22218,21504,12044,28273,25524,25272,24802,27143,29541,24483,9234,0,5320,2973,4148
18417,19311,50503,13691,16763,3181,7066,5672,6225,19311,20926,14594,44450,11427,10599,21058,12635,20596,8885,8380,22904,7286,7467,11532,6908,6591,10937,21006,10971,5993,13325,13007,21058,12260,14332,20368,17469,20244,16311,26099,5917,31745,20393,17652,6641,21541,18715,21788,14741,20535,20502,20838,17783,8532,33573,33494,16732,20526,17755,8976,17968,14594,17452,21528,10361,10869,17914,18298,10089,12269,21984,31228,21436,21266,8885,18723,17199,17860,20716,20213,19342,21159,20569,22082,12839,21479,10420,9912,21448,22457,21742,12283,28511,25762,25510,25040,27381,29779,24721,4468,5581,0,2788,2506
16505,17400,49156,11780,14852,2566,5459,4065,5556,17400,19015,12683,46497,14702,8688,19147,14727,18685,7650,7553,20993,6487,6640,9621,6680,5644,9026,19095,9060,4386,11414,11096,19147,16030,12421,18457,15558,18333,14400,24188,4310,29834,18482,15741,6192,19630,16804,19877,12829,18624,18591,18927,15872,6925,31662,31583,14821,18615,15844,7369,16057,12683,15541,19616,8450,8958,16003,16387,8177,10358,20073,29317,19525,19355,7650,16812,15288,15949,18805,18302,17431,19248,18658,20171,15468,19568,8509,9969,19537,20546,19831,10372,26600,23851,23599,23129,25470,27868,22810,3882,3331,2953,0,1548
17501,18395,52349,10993,11503,1018,5665,3432,4007,18395,20011,10542,46296,9052,9884,20143,10260,19681,6722,6005,21989,4910,5092,8834,4746,4428,10222,20091,8273,3770,10627,10309,20143,10021,13417,19453,16554,19329,13612,27651,4516,31032,19478,16737,4478,20626,17800,20873,12042,19620,19587,19923,16868,7250,32859,35046,11472,19611,16840,6885,17053,10542,12897,20612,9646,10154,13338,17383,9373,7953,21069,30515,20521,20350,6722,17808,16284,16945,19801,19298,18427,20244,19654,21167,10600,20564,7653,8630,20533,21541,20827,7196,27798,25048,24796,24326,26668,29065,24008,2305,5361,2699,2232,0
